kind,entityType,entityId,sku,actionType,currentBid,suggestedBid,text,campaignName,groupName,campaignId,adGroupId,accountId,siteId,spend30,clicks30,orders30,acos30,spend7,clicks7,orders7,acos7,reasonCode,hit,habit,marketBucket,reopenRule,priority
auto,autoTarget,552524512214088,EY0793,bid,0.27,0.03,Substitutes,ai_auto_ful full loop_ey0793,ai_auto_ful full loop_ey0793,50423253765165,459513222181734,295,4,122.32,327,16,0.350657,2.53,10,0,,cooldown_override_7d_zero_order_heavy_cut,7d_zero_order clicks=10 spend=2.53,auto_loose_or_substitutes_uncontrolled,unclassified_low_efficiency_tail,reopen_only_after_recent_conversion_proof,1
kw,keyword,144589187937889,GT3801,bid,0.05,0.02,purple funeral ribbon pins,kw_purplecheer ribbon_gt3801,pin me cheer ribbon-gt3801,324693137642903,434842339515083,167,4,109.77,189,15,0.412964,32.79,51,1,2.050656,cooldown_override_7d_extreme_acos_cut,7d_high_acos clicks=51 spend=32.79 orders=1 acos=2.051,kw_zero_order_or_high_acos_not_stopped,funeral_memorial_ribbon_fit_misjudge,do_not_reopen_without_fresh_market_and_exact_conversion_proof,2
auto,autoTarget,317392606314211,AE3311,bid,0.45,0.05,Close-match,god mother gifts for women-ae3311-system-a,god mother gifts for women-ae3311-system-a,295282411525603,362962526446406,195,4,65.5,122,16,0.271964,2.81,7,0,,cooldown_override_7d_zero_order_heavy_cut,7d_zero_order clicks=7 spend=2.81,auto_zero_order_not_closed,unclassified_low_efficiency_tail,reopen_only_after_recent_conversion_proof,3
kw,keyword,419613223174431,SAN0383,pause,0.37,,cowgirl hat,kw_cowhat&band_san0383,kw_core,350659306277711,552382127037963,528,4,64.65,83,8,0.160864,2.95,5,0,,cooldown_override_15d_zero_order_hard_stop,7d_zero_order clicks=5 spend=2.95,kw_zero_order_or_high_acos_not_stopped,hat_cowboy_generic_intent_gap,do_not_reopen_without_fresh_market_and_exact_conversion_proof,4
kw,keyword,324424760692027,LUO1006,bid,0.04,0.02,bottle chug,kw_bottle chug_luo1006,kw_bottle chug_luo1006,310157314522132,435001710549497,700,4,53.79,92,9,0.259968,5.01,12,0,,cooldown_override_7d_zero_order_heavy_cut,7d_zero_order clicks=12 spend=5.01,kw_zero_order_or_high_acos_not_stopped,baby_shower_party_competition_fit_gap,do_not_reopen_without_fresh_market_and_exact_conversion_proof,5
manual,manualTarget,281253418089274,HL4004,bid,0.05,0.02,asinExpandedFrom=B09SQF8FBG,asin_spikes mat_hl4004,asin_spikes mat_hl4004,144048235099248,3929743266894,117,4,51.83,109,9,0.273033,12.96,27,0,,cooldown_override_7d_zero_order_heavy_cut,7d_zero_order clicks=27 spend=12.96,asin_or_manual_expansion_unverified,unclassified_low_efficiency_tail,reopen_only_after_recent_conversion_proof,6
manual,manualTarget,534944476174026,DN3049,bid,0.25,0.03,asinExpandedFrom=B0FJ5XSYT4,asin_flower bucket _dn3049,asin_flower bucket _dn3049,545030563106937,510338574342200,171,4,44.86,67,5,0.102203,3.66,5,0,,cooldown_override_7d_zero_order_heavy_cut,7d_zero_order clicks=5 spend=3.66,asin_or_manual_expansion_unverified,unclassified_low_efficiency_tail,reopen_only_after_recent_conversion_proof,7
auto,autoTarget,283645387582544,SIJ2012,bid,0.22,0.02,Substitutes,storage bins-sij2012-system-a,storage bins-sij2012-system-a,360520582788860,302617335726940,607,4,42.62,158,9,0.079676,1.64,8,0,,cooldown_override_7d_zero_order_heavy_cut,7d_zero_order clicks=8 spend=1.64,auto_loose_or_substitutes_uncontrolled,storage_food_container_broad_fit_gap,do_not_reopen_without_fresh_market_and_exact_conversion_proof,8
manual,manualTarget,115758909196310,MH0525,bid,0.16,0.08,asinExpandedFrom=B0D3H7819C,asin_ dessert cups_mh0525,asin_ dessert cups_mh0525,85972394199484,236263349817321,187,4,42.43,145,8,0.219947,31.41,106,2,0.683123,cooldown_override_7d_severe_acos_cut,7d_high_acos clicks=106 spend=31.41 orders=2 acos=0.683,asin_or_manual_expansion_unverified,unclassified_low_efficiency_tail,reopen_only_after_recent_conversion_proof,9
kw,keyword,423520514605853,SIJ2012,bid,0.65,0.07,fish tubs,kw_food storage box_sij2012,kw_food storage box_sij2012,510905342436109,436163515542228,607,4,37.73,56,4,0.171531,6.31,10,0,,cooldown_override_7d_zero_order_heavy_cut,7d_zero_order clicks=10 spend=6.31,kw_zero_order_or_high_acos_not_stopped,storage_food_container_broad_fit_gap,do_not_reopen_without_fresh_market_and_exact_conversion_proof,10
auto,autoTarget,527427235232387,GGN2452,bid,0.85,0.09,Close-match,auto_amazon business_ggn2452,auto_amazon business_ggn2452,169078926903085,562354060607241,601,4,33.34,36,7,0.067228,7.08,8,0,,cooldown_override_7d_zero_order_heavy_cut,7d_zero_order clicks=8 spend=7.08,auto_zero_order_not_closed,unclassified_low_efficiency_tail,reopen_only_after_recent_conversion_proof,11
kw,keyword,381211278777934,GT3308,bid,0.38,0.04,black memorial ribbon pins,kw_black funeral ribbons_gt3308,kw_black funeral ribbons_gt3308,289156790722783,336663321009281,167,4,31.63,68,5,0.541146,10.29,20,1,1.03003,cooldown_override_15d_extreme_acos_cut,7d_high_acos clicks=20 spend=10.29 orders=1 acos=1.030,kw_zero_order_or_high_acos_not_stopped,funeral_memorial_ribbon_fit_misjudge,do_not_reopen_without_fresh_market_and_exact_conversion_proof,12
auto,autoTarget,328841211758104,NAY1449,pause,0.24,,Loose-match,ballpoint pen-nay1449-system-a,ballpoint pen-nay1449-system-a,405291520692575,308497708490872,752,4,31.17,127,6,0.081398,2.28,11,0,,cooldown_override_15d_zero_order_hard_stop,7d_zero_order clicks=11 spend=2.28,auto_loose_or_substitutes_uncontrolled,unclassified_low_efficiency_tail,reopen_only_after_recent_conversion_proof,13
kw,keyword,503311212479996,SE5608,bid,0.05,0.02,18 inch doll tee shirts,bear shirts se5608-down only-placement,bear shirts se5608-down only-placement,273882284682555,229176248521366,150,4,30.74,60,14,0.136102,9.28,16,0,,cooldown_override_7d_zero_order_heavy_cut,7d_zero_order clicks=16 spend=9.28,kw_zero_order_or_high_acos_not_stopped,unclassified_low_efficiency_tail,reopen_only_after_recent_conversion_proof,14
kw,keyword,372044231552107,GT3815,bid,0.04,0.02,green memorial ribbons for funeral,kw2_greencheer ribbon_gt3815,kw2_greencheer ribbon_gt3815,300206843701132,553647775077000,167,4,29.48,43,11,0.123331,7.08,9,0,,cooldown_override_7d_zero_order_heavy_cut,7d_zero_order clicks=9 spend=7.08,kw_zero_order_or_high_acos_not_stopped,funeral_memorial_ribbon_fit_misjudge,do_not_reopen_without_fresh_market_and_exact_conversion_proof,15
auto,autoTarget,423561675491929,YEO1451,bid,0.3,0.03,Loose-match,auto_boonie hats_yeo1451,auto_boonie hats_yeo1451,16635174994135,447679774161340,876,4,28.34,89,5,0.236265,4.5,15,0,,cooldown_override_7d_zero_order_heavy_cut,7d_zero_order clicks=15 spend=4.50,auto_loose_or_substitutes_uncontrolled,hat_cowboy_generic_intent_gap,do_not_reopen_without_fresh_market_and_exact_conversion_proof,16
kw,keyword,416868220752665,WAR1276,bid,0.25,0.03,rainbow goodie bags,kw_rainbow party-war1276,kw_rainbow party-war1276,492257670847820,505298823774232,626,4,28.17,101,8,0.146034,2.58,11,0,,cooldown_override_7d_zero_order_heavy_cut,7d_zero_order clicks=11 spend=2.58,kw_zero_order_or_high_acos_not_stopped,unclassified_low_efficiency_tail,reopen_only_after_recent_conversion_proof,17
auto,autoTarget,554697495650642,HAY1706,bid,0.27,0.03,Complements,auto_motivational party favor_hay1706,auto_motivational party favor_hay1706,342635658982734,343659975605090,546,4,24.61,71,5,0.150106,2.02,6,0,,cooldown_override_7d_zero_order_heavy_cut,7d_zero_order clicks=6 spend=2.02,auto_zero_order_not_closed,unclassified_low_efficiency_tail,reopen_only_after_recent_conversion_proof,18
auto,autoTarget,433925975438629,HAY0218,bid,0.23,0.02,Loose-match,auto_cruise ship ducks_hay0218,auto_cruise ship ducks_hay0218,541079863156031,551510501740858,546,4,24.12,94,6,0.166413,3.3,16,0,,cooldown_override_7d_zero_order_heavy_cut,7d_zero_order clicks=16 spend=3.30,auto_loose_or_substitutes_uncontrolled,unclassified_low_efficiency_tail,reopen_only_after_recent_conversion_proof,19
auto,autoTarget,494423993466389,GT3308,bid,0.24,0.12,Substitutes,auto_q2 profit gt3308 auto_gt3308,auto_q2 profit gt3308 auto_gt3308,82594368126696,531906178967455,167,4,24.1,99,7,0.184095,9.71,37,1,0.607254,cooldown_override_7d_severe_acos_cut,7d_high_acos clicks=37 spend=9.71 orders=1 acos=0.607,auto_loose_or_substitutes_uncontrolled,funeral_memorial_ribbon_fit_misjudge,do_not_reopen_without_fresh_market_and_exact_conversion_proof,20
auto,autoTarget,284776649453452,QAA4200,bid,0.19,0.02,Substitutes,auto_q2 profit qaa4200 auto_qaa4200,auto_q2 profit qaa4200 auto_qaa4200,11822662463627,543531579168306,604,4,23.82,115,10,0.115692,3.22,17,0,,cooldown_override_7d_zero_order_heavy_cut,7d_zero_order clicks=17 spend=3.22,auto_loose_or_substitutes_uncontrolled,unclassified_low_efficiency_tail,reopen_only_after_recent_conversion_proof,21
auto,autoTarget,372626121936108,SHQ3375,bid,0.15,0.02,Substitutes,auto_wooden cars to paint_shq3375,wooden cars to paint-shq3375-system-a,302585800497225,402912756264781,803,4,23.25,141,4,0.131393,0.94,7,0,,cooldown_override_7d_zero_order_heavy_cut,7d_zero_order clicks=7 spend=0.94,auto_loose_or_substitutes_uncontrolled,unclassified_low_efficiency_tail,reopen_only_after_recent_conversion_proof,22
auto,autoTarget,332066483384079,EY2727,pause,0.24,,Close-match,straw sun hats for women ey2727-alow,straw sun hats for women ey2727-alow,471359878653198,526371229288034,295,4,22.98,87,1,0.287321,2.25,9,0,,residual_15d_zero_order_hard_stop,7d_zero_order clicks=9 spend=2.25,auto_zero_order_not_closed,hat_cowboy_generic_intent_gap,do_not_reopen_without_fresh_market_and_exact_conversion_proof,23
auto,autoTarget,370202926948329,MF6294,bid,0.36,0.04,Close-match,jumbo letter balloons-mf6294-system-a,jumbo letter balloons-mf6294-system-a,252297710887286,427388412063871,314,4,22.82,62,5,0.118885,5.76,16,0,,residual_7d_zero_order_heavy_cut,7d_zero_order clicks=16 spend=5.76,auto_zero_order_not_closed,unclassified_low_efficiency_tail,reopen_only_after_recent_conversion_proof,24
manual,manualTarget,230229460212352,PR2214,bid,0.32,0.03,asinExpandedFrom=B0BYJPM344,asin_easter bunny stuffed_pr2214,asin_easter bunny stuffed_pr2214,517029387792993,464116936661377,333,4,22.15,68,7,0.115412,3.48,12,0,,cooldown_override_7d_zero_order_heavy_cut,7d_zero_order clicks=12 spend=3.48,asin_or_manual_expansion_unverified,unclassified_low_efficiency_tail,reopen_only_after_recent_conversion_proof,25
kw,keyword,299882115464301,KEJ1748,bid,0.05,0.02,pegboard bin,kw_pegboard baskets_kej1748,kw_pegboard baskets_kej1748,480206109318230,282353358868578,765,4,19.84,53,3,0.165374,7.56,18,0,,cooldown_override_7d_zero_order_heavy_cut,7d_zero_order clicks=18 spend=7.56,kw_zero_order_or_high_acos_not_stopped,pegboard_weak_demand_or_fit,do_not_reopen_without_fresh_market_and_exact_conversion_proof,26
kw,keyword,169798883726014,HAY0218,bid,0.32,0.03,sailor ducks,kw_hay0218_20260420_175558,kw_hay0218_20260420_175558,141757450678292,242661133689529,546,4,19.04,57,7,0.11686,2.39,7,0,,cooldown_override_7d_zero_order_heavy_cut,7d_zero_order clicks=7 spend=2.39,kw_zero_order_or_high_acos_not_stopped,unclassified_low_efficiency_tail,reopen_only_after_recent_conversion_proof,27
auto,autoTarget,300639856720384,MED1970,bid,0.39,0.04,Substitutes,ai_auto_steam table pans_med1970,ai_auto_steam table pans_med1970,147480840129883,514851458909470,543,4,18.42,43,5,0.070764,5.7,14,0,,cooldown_override_7d_zero_order_heavy_cut,7d_zero_order clicks=14 spend=5.70,auto_loose_or_substitutes_uncontrolled,unclassified_low_efficiency_tail,reopen_only_after_recent_conversion_proof,28
kw,keyword,297135405189332,DUN1128,bid,0.07,0.02,bread warmer basket with stone,kw_baskets_dun1128,kw_baskets_dun1128,463803435037455,512958907671909,639,4,18.2,25,1,0.455113,10.38,14,0,,cooldown_override_7d_zero_order_heavy_cut,7d_zero_order clicks=14 spend=10.38,kw_zero_order_or_high_acos_not_stopped,unclassified_low_efficiency_tail,reopen_only_after_recent_conversion_proof,29
kw,keyword,234964452089401,QA4115,bid,0.05,0.02,fans for wedding guests,kw_q2 profit qa4115 phrase_qa4115,kw_q2 profit qa4115 phrase_qa4115,187374288270924,270730298010145,388,4,17.51,39,3,0.135778,6.3,14,0,,cooldown_override_7d_zero_order_heavy_cut,7d_zero_order clicks=14 spend=6.30,phrase_kw_not_stopped_at_7_15d,wedding_broad_intent_competition_gap,do_not_reopen_without_fresh_market_and_exact_conversion_proof,30
kw,keyword,245252859929588,LRU1537,bid,0.33,0.03,bear party decorations,kw board_bear paper plates napkins_lru1537,kw board_bear paper plates napkins_lru1537,193009564424757,74278419866318,518,4,16.12,53,4,0.122176,2.15,8,0,,residual_7d_zero_order_heavy_cut,7d_zero_order clicks=8 spend=2.15,kw_zero_order_or_high_acos_not_stopped,baby_shower_party_competition_fit_gap,do_not_reopen_without_fresh_market_and_exact_conversion_proof,31
kw,keyword,283542877612825,XIX1523,bid,0.76,0.08,letter stencils 1 inch,kw_letterstencils_xix1523,kw_letterstencils_xix1523,395169004056325,512389073432909,772,4,16.12,22,4,0.224013,2.22,3,0,,cooldown_override_7d_zero_order_heavy_cut,7d_zero_order clicks=3 spend=2.22,kw_zero_order_or_high_acos_not_stopped,unclassified_low_efficiency_tail,reopen_only_after_recent_conversion_proof,32
auto,autoTarget,491654281598908,PR2460,bid,0.32,0.03,Substitutes,auto_slingshot chicken finger_pr2460,auto_slingshot chicken finger_pr2460,306892610703010,427171351303650,333,4,14.93,50,5,0.089972,2.99,10,0,,residual_7d_zero_order_heavy_cut,7d_zero_order clicks=10 spend=2.99,auto_loose_or_substitutes_uncontrolled,unclassified_low_efficiency_tail,reopen_only_after_recent_conversion_proof,33
kw,keyword,115432167512473,GT3801,bid,0.04,0.02,purple ribbons for funeral,kw_purplecheer ribbon_gt3801,pin me cheer ribbon-gt3801,324693137642903,434842339515083,167,4,14.07,31,4,0.149776,7.09,15,0,,cooldown_override_7d_zero_order_heavy_cut,7d_zero_order clicks=15 spend=7.09,kw_zero_order_or_high_acos_not_stopped,funeral_memorial_ribbon_fit_misjudge,do_not_reopen_without_fresh_market_and_exact_conversion_proof,34
auto,autoTarget,417507688013596,DN2684,pause,0.35,,Loose-match,auto_galvanized flower bucket_dn2684,auto_galvanized flower bucket_dn2684,95247866022526,426998050693731,171,4,13.8,44,2,0.12002,2.09,6,0,,cooldown_override_15d_zero_order_hard_stop,7d_zero_order clicks=6 spend=2.09,auto_loose_or_substitutes_uncontrolled,unclassified_low_efficiency_tail,reopen_only_after_recent_conversion_proof,35
kw,keyword,50503625361681,YAN2008,bid,0.13,0.02,baby bottle chug game,kw_q2 profit yan2008 broad_yan2008,kw_q2 profit yan2008 broad_yan2008,102224731033011,134135914729511,423,4,13.65,80,5,0.17159,1.46,10,0,,cooldown_override_7d_zero_order_heavy_cut,7d_zero_order clicks=10 spend=1.46,broad_kw_too_wide,baby_shower_party_competition_fit_gap,do_not_reopen_without_fresh_market_and_exact_conversion_proof,36
auto,autoTarget,543886772074631,GM2851,bid,0.03,0.02,Loose-match,auto_q2 profit gm2851 auto_gm2851,auto_q2 profit gm2851 auto_gm2851,187515152450756,542947371287109,311,4,13.52,39,4,0.175698,3.48,10,0,,cooldown_override_7d_zero_order_heavy_cut,7d_zero_order clicks=10 spend=3.48,auto_loose_or_substitutes_uncontrolled,unclassified_low_efficiency_tail,reopen_only_after_recent_conversion_proof,37
kw,keyword,169168413629608,QA3275,bid,0.62,0.06,hand fans for wedding,ai_kw_exact_wedding_fans_qa3275,ai_kw_exact_wedding_fans_qa3275,29375706248464,252219054525183,388,4,12.4,20,2,0.200064,4.34,7,0,,cooldown_override_7d_zero_order_heavy_cut,7d_zero_order clicks=7 spend=4.34,kw_zero_order_or_high_acos_not_stopped,wedding_broad_intent_competition_gap,do_not_reopen_without_fresh_market_and_exact_conversion_proof,38
manual,manualTarget,360654017336102,YUT2847,bid,0.08,0.02,asinExpandedFrom=B0000BWH2W,asin expanded_soccer ball_yut2847,asin expanded_soccer ball_yut2847,163227667430829,537864011876435,737,4,12.36,15,1,0.280972,6.48,8,0,,cooldown_override_7d_zero_order_heavy_cut,7d_zero_order clicks=8 spend=6.48,asin_or_manual_expansion_unverified,unclassified_low_efficiency_tail,reopen_only_after_recent_conversion_proof,39
auto,autoTarget,444890542066306,YUT2927,bid,0.27,0.03,Loose-match,ai_auto_birthday pool float_yut2927,ai_auto_birthday pool float_yut2927,145664749870379,419578015906953,737,4,12.31,43,2,0.256565,3.51,13,0,,cooldown_override_7d_zero_order_heavy_cut,7d_zero_order clicks=13 spend=3.51,auto_loose_or_substitutes_uncontrolled,unclassified_low_efficiency_tail,reopen_only_after_recent_conversion_proof,40
manual,manualTarget,381696605817350,DUN1128,bid,0.05,0.02,category=Bread & Serving Baskets,asin_baskets_dun1128,bread basket with lid-dun1128-pt2,334899922711967,376656325866524,639,4,12.24,29,1,0.306076,2.23,5,0,,cooldown_override_7d_zero_order_heavy_cut,7d_zero_order clicks=5 spend=2.23,asin_or_manual_expansion_unverified,unclassified_low_efficiency_tail,reopen_only_after_recent_conversion_proof,41
kw,keyword,212176392824662,YUT4466,bid,0.05,0.02,inflatable number,pool party decorations for kids birthday-yut4466-system-keyword,pool party decorations for kids birthday-yut4466-system-keyword,189889521035152,204384416664686,737,4,11.99,21,2,0.285612,8.15,13,0,,cooldown_override_7d_zero_order_heavy_cut,7d_zero_order clicks=13 spend=8.15,kw_zero_order_or_high_acos_not_stopped,unclassified_low_efficiency_tail,reopen_only_after_recent_conversion_proof,42
auto,autoTarget,460802110594782,MED1032,pause,0.38,,Complements,auto_1/6 size hotel pan_med1032,auto_1/6 size hotel pan_med1032,490646812390217,350289719302260,543,4,11.98,43,4,0.073968,2.18,7,0,,cooldown_override_15d_zero_order_hard_stop,7d_zero_order clicks=7 spend=2.18,auto_zero_order_not_closed,unclassified_low_efficiency_tail,reopen_only_after_recent_conversion_proof,43
auto,autoTarget,511358494857165,TUR5292,pause,0.48,,Loose-match,b2b auto_christian gifts bulk_tur5292,b2b auto_christian gifts bulk_tur5292,246677653875020,554667295824044,856,4,11.88,26,3,0.082522,4.24,8,0,,cooldown_override_15d_zero_order_hard_stop,7d_zero_order clicks=8 spend=4.24,auto_loose_or_substitutes_uncontrolled,unclassified_low_efficiency_tail,reopen_only_after_recent_conversion_proof,44
sbKw,sbKeyword,123766584996120,XIX2353,pause,0.3,,wizard font stencils,sbv kw broad_letter stencils_xix2353,,83588397549815,403326210426725,772,4,11.86,41,2,0.320713,2.61,9,0,,residual_15d_zero_order_hard_stop,7d_zero_order clicks=9 spend=2.61,sbv_or_sb_keyword_spend_not_closed,unclassified_low_efficiency_tail,reopen_only_after_recent_conversion_proof,45
auto,autoTarget,292682627342085,LO3817,pause,0.29,,Loose-match,mothers day gifts for women-lo3817-system-a,mothers day gifts for women-lo3817-system-a,33267571931564,391922891380191,210,4,11.62,46,4,0.173536,2.11,8,0,,cooldown_override_15d_zero_order_hard_stop,7d_zero_order clicks=8 spend=2.11,auto_loose_or_substitutes_uncontrolled,unclassified_low_efficiency_tail,reopen_only_after_recent_conversion_proof,46
auto,autoTarget,332035561227548,STY6101,bid,0.24,0.02,Substitutes,20260414-sty6101-system-a,20260414-sty6101-system-a,25005367024573,521391415487677,867,4,11.59,60,2,0.05767,6.46,29,0,,cooldown_override_7d_zero_order_heavy_cut,7d_zero_order clicks=29 spend=6.46,auto_loose_or_substitutes_uncontrolled,baby_shower_party_competition_fit_gap,do_not_reopen_without_fresh_market_and_exact_conversion_proof,47
kw,keyword,341621043967617,LUO1006,bid,0.05,0.02,chug game baby shower,kw  exact_bottle chug_luo1006,kw  exact_bottle chug_luo1006,266537160571547,515674560487184,700,4,11.57,27,2,0.251631,6.11,13,0,,cooldown_override_7d_zero_order_heavy_cut,7d_zero_order clicks=13 spend=6.11,kw_zero_order_or_high_acos_not_stopped,baby_shower_party_competition_fit_gap,do_not_reopen_without_fresh_market_and_exact_conversion_proof,48
kw,keyword,102179229242272,HAY0218,bid,0.03,0.02,sailor ducks,kw_rubber ducks cruise_hay0218,kw_rubber ducks cruise_hay0218,232750983339063,241576346527043,546,4,11.47,36,6,0.077005,4.42,13,0,,cooldown_override_7d_zero_order_heavy_cut,7d_zero_order clicks=13 spend=4.42,kw_zero_order_or_high_acos_not_stopped,unclassified_low_efficiency_tail,reopen_only_after_recent_conversion_proof,49
kw,keyword,182315116159941,STY6101,pause,0.34,,teddy bear center pieces for baby shower,kw broad_boho baby shower decor_sty6101,kw broad_boho baby shower decor_sty6101,27982724113110,185156411484446,867,4,11.03,33,1,0.175107,3.16,9,0,,cooldown_override_15d_zero_order_hard_stop,7d_zero_order clicks=9 spend=3.16,broad_kw_too_wide,baby_shower_party_competition_fit_gap,do_not_reopen_without_fresh_market_and_exact_conversion_proof,50
auto,autoTarget,342186503496855,LUO1051,bid,0.31,0.03,Loose-match,auto_bottle chug_luo1051,auto_bottle chug_luo1051,309004820148734,508054276332008,700,4,10.68,36,2,0.237438,2.77,10,0,,residual_7d_zero_order_heavy_cut,7d_zero_order clicks=10 spend=2.77,auto_loose_or_substitutes_uncontrolled,baby_shower_party_competition_fit_gap,do_not_reopen_without_fresh_market_and_exact_conversion_proof,51
kw,keyword,45480859887834,YUT2844,pause,1.35,,soccer ball size,kwphrase_soccer ball_yut2844,kwphrase_soccer ball_yut2844,274743900116745,55005467357186,737,4,10.43,9,1,0.057957,4.88,4,0,,cooldown_override_15d_zero_order_hard_stop,7d_zero_order clicks=4 spend=4.88,phrase_kw_not_stopped_at_7_15d,unclassified_low_efficiency_tail,reopen_only_after_recent_conversion_proof,52
auto,autoTarget,348060907085736,SAN1320,bid,0.25,0.03,Substitutes,ai_auto_coverage_san1320,ai_auto_coverage_san1320,207512510317450,412341894912213,528,4,10.43,39,3,0.231932,1.75,7,0,,cooldown_override_7d_zero_order_heavy_cut,7d_zero_order clicks=7 spend=1.75,auto_loose_or_substitutes_uncontrolled,unclassified_low_efficiency_tail,reopen_only_after_recent_conversion_proof,53
sbKw,sbKeyword,38640948225986,XIX1523,bid,0.29,0.03,3 inch letter,sbkw_letterstencils_xix1523 xix0903xix2011,,97297500123394,331282048032432,772,4,10.25,42,3,0.157765,1.82,7,0,,cooldown_override_7d_zero_order_heavy_cut,7d_zero_order clicks=7 spend=1.82,sbv_or_sb_keyword_spend_not_closed,unclassified_low_efficiency_tail,reopen_only_after_recent_conversion_proof,54
auto,autoTarget,296622597327608,NAY1449,bid,0.28,0.03,Substitutes,ballpoint pen-nay1449-system-a,ballpoint pen-nay1449-system-a,405291520692575,308497708490872,752,4,10.22,42,3,0.071483,5.25,21,0,,cooldown_override_7d_zero_order_heavy_cut,7d_zero_order clicks=21 spend=5.25,auto_loose_or_substitutes_uncontrolled,unclassified_low_efficiency_tail,reopen_only_after_recent_conversion_proof,55
auto,autoTarget,541241167508020,DUI3806,pause,0.17,,Substitutes,auto_wood cutting boards_dui3806,auto_wood cutting boards_dui3806,532083346932798,531664856310847,689,4,10.14,63,3,0.085231,2.02,15,0,,residual_15d_zero_order_hard_stop,7d_zero_order clicks=15 spend=2.02,auto_loose_or_substitutes_uncontrolled,unclassified_low_efficiency_tail,reopen_only_after_recent_conversion_proof,56
kw,keyword,321804689393093,XIX0903,bid,0.36,0.04,number stencils 4.5 in,kw_letterstencils_xix0903,kw_letterstencils_xix0903,334076702056500,417475020233215,772,4,10.12,22,2,0.281267,2.52,7,0,,cooldown_override_7d_zero_order_heavy_cut,7d_zero_order clicks=7 spend=2.52,kw_zero_order_or_high_acos_not_stopped,unclassified_low_efficiency_tail,reopen_only_after_recent_conversion_proof,57
auto,autoTarget,518790080397177,GM2634,bid,0.27,0.03,Loose-match,auto_q2 profit gm2634 auto_gm2634,auto_q2 profit gm2634 auto_gm2634,134792088566888,448230178427437,311,4,10.12,39,7,0.085813,3.16,12,0,,cooldown_override_7d_zero_order_heavy_cut,7d_zero_order clicks=12 spend=3.16,auto_loose_or_substitutes_uncontrolled,unclassified_low_efficiency_tail,reopen_only_after_recent_conversion_proof,58
manual,manualTarget,377506017633524,GT3801,bid,0.21,0.02,asinExpandedFrom=B0CCS2RH1L,asin_black funeral ribbons_gt3801,asin_black funeral ribbons_gt3801,457843697742132,444592999807551,167,4,9.99,33,2,0.333222,2.16,8,0,,cooldown_override_7d_zero_order_heavy_cut,7d_zero_order clicks=8 spend=2.16,asin_or_manual_expansion_unverified,funeral_memorial_ribbon_fit_misjudge,do_not_reopen_without_fresh_market_and_exact_conversion_proof,59
sbKw,sbKeyword,205802411877520,YEO0766,bid,0.32,0.29,bulk boonie hats for men,sb kw_fishing sun hats_yeo0766 yeo1463 yeo1452,,135430556082686,503029059756410,876,4,9.94,30,2,0.207169,1.15,4,0,,persistently_low_small_step,15d_zero_order clicks=12 spend=3.54,sbv_or_sb_keyword_spend_not_closed,hat_cowboy_generic_intent_gap,do_not_reopen_without_fresh_market_and_exact_conversion_proof,60
auto,autoTarget,464696298029720,YMF1073,bid,0.15,0.02,Loose-match,auto_q2 profit ymf1073 auto_ymf1073,auto_q2 profit ymf1073 auto_ymf1073,191664425368566,518658210767790,734,4,9.85,64,4,0.246496,1.78,12,0,,cooldown_override_7d_zero_order_heavy_cut,7d_zero_order clicks=12 spend=1.78,auto_loose_or_substitutes_uncontrolled,unclassified_low_efficiency_tail,reopen_only_after_recent_conversion_proof,61
auto,autoTarget,314495084472056,MH1806,bid,0.14,0.02,Loose-match,ai_auto_dessert cups_mh1806,ai_auto_dessert cups_mh1806,151961605119472,363233501716070,187,4,9.82,58,1,0.517114,1.67,13,0,,cooldown_override_7d_zero_order_heavy_cut,7d_zero_order clicks=13 spend=1.67,auto_loose_or_substitutes_uncontrolled,unclassified_low_efficiency_tail,reopen_only_after_recent_conversion_proof,62
auto,autoTarget,300369928329690,NO5155,pause,0.17,,Complements,auto_q2 profit no5155 auto_no5155,auto_q2 profit no5155 auto_no5155,253095158358940,307526235654135,277,4,9.68,54,4,0.144563,1.25,8,0,,residual_15d_zero_order_hard_stop,7d_zero_order clicks=8 spend=1.25,auto_zero_order_not_closed,unclassified_low_efficiency_tail,reopen_only_after_recent_conversion_proof,63
kw,keyword,309556215116800,YY4568,pause,0.73,,clear containers with lids,kw phrase_steam table pan_yy4568,kw phrase_steam table pan_yy4568,167259287975779,516478737869480,95,4,9.65,13,0,,4.34,6,0,,cooldown_override_30d_zero_order_hard_stop,7d_zero_order clicks=6 spend=4.34,phrase_kw_not_stopped_at_7_15d,storage_food_container_broad_fit_gap,do_not_reopen_without_fresh_market_and_exact_conversion_proof,64
auto,autoTarget,503956340104072,GT3801,pause,0.17,,Substitutes,auto_purplecheer ribbon_gt3801,pin me cheer ribbon-gt3801-system-a,545333345390922,319507723367390,167,4,9.61,53,2,0.3102,2.04,12,0,,cooldown_override_15d_zero_order_hard_stop,7d_zero_order clicks=12 spend=2.04,auto_loose_or_substitutes_uncontrolled,funeral_memorial_ribbon_fit_misjudge,do_not_reopen_without_fresh_market_and_exact_conversion_proof,65
kw,keyword,60005492376391,YUT3183,pause,0.85,,mini soccer ball,kw phrase_soccer balls-yut3183,kw phrase_soccer balls-yut3183,107436363126588,237646507115366,737,4,9.57,12,0,,2.5,3,0,,cooldown_override_30d_zero_order_hard_stop,7d_zero_order clicks=3 spend=2.50,phrase_kw_not_stopped_at_7_15d,unclassified_low_efficiency_tail,reopen_only_after_recent_conversion_proof,66
kw,keyword,522431549715920,CLO0341,bid,0.05,0.02,retail display stand with hooks,kwcs_keychain display _clo0341,kwcs_keychain display _clo0341,369193958866306,337560920140354,624,4,9.43,20,1,0.37735,5.39,11,0,,cooldown_override_7d_zero_order_heavy_cut,7d_zero_order clicks=11 spend=5.39,kw_zero_order_or_high_acos_not_stopped,unclassified_low_efficiency_tail,reopen_only_after_recent_conversion_proof,67
kw,keyword,538698381102961,LED3343,pause,0.23,,book club favors gifts,kw_book lovers gift_led3343,kw_book lovers gift_led3343,561582816389446,367408770258442,705,4,9.4,33,2,0.235117,2.62,10,0,,cooldown_override_15d_zero_order_hard_stop,7d_zero_order clicks=10 spend=2.62,kw_zero_order_or_high_acos_not_stopped,unclassified_low_efficiency_tail,reopen_only_after_recent_conversion_proof,68
auto,autoTarget,385760490206056,LRU1537,bid,0.31,0.03,Substitutes,auto1_bear paper plates napkins_lru1537,auto1_bear paper plates napkins_lru1537,454041268176741,474705688616611,518,4,9.34,43,2,0.212369,1.78,7,0,,cooldown_override_7d_zero_order_heavy_cut,7d_zero_order clicks=7 spend=1.78,auto_loose_or_substitutes_uncontrolled,baby_shower_party_competition_fit_gap,do_not_reopen_without_fresh_market_and_exact_conversion_proof,69
manual,manualTarget,22723209184098,LRU1537,bid,0.04,0.02,asinExpandedFrom=B0B5ZK3XGW,asin_bear paper plates napkins_lru1537,asin_bear paper plates napkins_lru1537,259292567490993,50423870750656,518,4,9.23,31,2,0.209868,4.45,14,0,,cooldown_override_7d_zero_order_heavy_cut,7d_zero_order clicks=14 spend=4.45,asin_or_manual_expansion_unverified,baby_shower_party_competition_fit_gap,do_not_reopen_without_fresh_market_and_exact_conversion_proof,70
kw,keyword,82714820614646,SH0423,pause,0.35,,rainbow umbrella,kw broad_umbrella hat_sh0423,kw broad_umbrella hat_sh0423,106509577454404,81800054974338,49,4,9.02,26,1,0.376146,2.79,8,0,,residual_15d_zero_order_hard_stop,7d_zero_order clicks=8 spend=2.79,broad_kw_too_wide,hat_cowboy_generic_intent_gap,do_not_reopen_without_fresh_market_and_exact_conversion_proof,71
kw,keyword,557600660613720,SIJ2011,bid,0.6,0.06,storage bins with lids,kw_food storage box tote_sij2011,kw_food storage box tote_sij2011,460675192998817,457929568058348,607,4,8.97,16,1,0.070635,8.37,15,0,,residual_7d_zero_order_heavy_cut,7d_zero_order clicks=15 spend=8.37,kw_zero_order_or_high_acos_not_stopped,storage_food_container_broad_fit_gap,do_not_reopen_without_fresh_market_and_exact_conversion_proof,72
kw,keyword,254869862476057,KEJ1748,bid,0.77,0.08,pegboard basket,kw broad_wall mount wire basket_KEJ1748_b2b,kw broad_wall mount wire basket_KEJ1748_b2b,46344900459222,264191688554137,765,4,8.9,13,1,0.254358,2.97,4,0,,cooldown_override_7d_zero_order_heavy_cut,7d_zero_order clicks=4 spend=2.97,broad_kw_too_wide,pegboard_weak_demand_or_fit,do_not_reopen_without_fresh_market_and_exact_conversion_proof,73
sbKw,sbKeyword,206943345146184,XIX2353,pause,0.3,,small number stencils,sbkw broad_letter stencils_xix2353,,54095962121074,551036711661677,772,4,8.88,32,2,0.246803,2.61,10,0,,residual_15d_zero_order_hard_stop,7d_zero_order clicks=10 spend=2.61,sbv_or_sb_keyword_spend_not_closed,unclassified_low_efficiency_tail,reopen_only_after_recent_conversion_proof,74
auto,autoTarget,448793169776629,KEJ0561,pause,0.32,,Substitutes,auto_pegboardorganizer_kej0561,2,504478513693889,498623810478455,765,4,8.84,26,0,,2.94,9,0,,no_order_hard_stop,7d_zero_order clicks=9 spend=2.94,auto_loose_or_substitutes_uncontrolled,pegboard_weak_demand_or_fit,do_not_reopen_without_fresh_market_and_exact_conversion_proof,75
auto,autoTarget,386153408863324,LED3945,bid,0.03,0.02,Close-match,auto2_appreciationballpoint_led3945,auto2_appreciationballpoint_led3945,440951775404131,438667781274735,705,4,8.79,29,2,0.19542,4.62,15,0,,cooldown_override_7d_zero_order_heavy_cut,7d_zero_order clicks=15 spend=4.62,auto_zero_order_not_closed,unclassified_low_efficiency_tail,reopen_only_after_recent_conversion_proof,76
kw,keyword,349052293881344,OCE1413,bid,0.18,0.02,wedding officiant book,kw_wedding officiant book_oce1413,kw_wedding officiant book_oce1413,371428106121513,521437815982608,665,4,8.75,60,7,0.068968,2.06,14,0,,cooldown_override_7d_zero_order_heavy_cut,7d_zero_order clicks=14 spend=2.06,kw_zero_order_or_high_acos_not_stopped,wedding_broad_intent_competition_gap,do_not_reopen_without_fresh_market_and_exact_conversion_proof,77
kw,keyword,447811543332573,AE2139,bid,0.61,0.06,polycarbonate food pans,kw_1q clearstorage_ae2139,kw_core,454490778125119,439285034209841,195,4,8.72,18,2,0.117869,5.48,10,0,,cooldown_override_7d_zero_order_heavy_cut,7d_zero_order clicks=10 spend=5.48,kw_zero_order_or_high_acos_not_stopped,storage_food_container_broad_fit_gap,do_not_reopen_without_fresh_market_and_exact_conversion_proof,78
manual,manualTarget,27424283379557,YAN0087,bid,0.03,0.02,asinExpandedFrom=B0CR7YHKN3,asin expanded_YAN0087,asin expanded_YAN0087,53478134545217,29208597395634,423,4,8.66,26,2,0.333333,3.52,11,0,,cooldown_override_7d_zero_order_heavy_cut,7d_zero_order clicks=11 spend=3.52,asin_or_manual_expansion_unverified,unclassified_low_efficiency_tail,reopen_only_after_recent_conversion_proof,79
manual,manualTarget,2293536388035,MH0525,bid,0.3,0.03,asinExpandedFrom=B092Z4LL6N,asin_ dessert cups_mh0525,asin_ dessert cups_mh0525,85972394199484,236263349817321,187,4,8.66,32,2,0.206288,2.55,9,0,,residual_7d_zero_order_heavy_cut,7d_zero_order clicks=9 spend=2.55,asin_or_manual_expansion_unverified,unclassified_low_efficiency_tail,reopen_only_after_recent_conversion_proof,80
kw,keyword,333398061146130,SHQ2216,bid,0.04,0.02,baby shower game prizes,kw_wooddiycars_shq2216,kw_wooddiycars_shq2216,326289963121406,294463346788690,803,4,8.56,25,1,0.244641,5.38,14,0,,cooldown_override_7d_zero_order_heavy_cut,7d_zero_order clicks=14 spend=5.38,kw_zero_order_or_high_acos_not_stopped,baby_shower_party_competition_fit_gap,do_not_reopen_without_fresh_market_and_exact_conversion_proof,81
manual,manualTarget,170972867379265,PR2214,pause,0.35,,asinExpandedFrom=B085C7JNFP,asin_easter bunny stuffed_pr2214,asin_easter bunny stuffed_pr2214,517029387792993,464116936661377,333,4,8.49,25,0,,4.77,14,0,,no_order_hard_stop,7d_zero_order clicks=14 spend=4.77,asin_or_manual_expansion_unverified,unclassified_low_efficiency_tail,reopen_only_after_recent_conversion_proof,82
kw,keyword,419653608463642,IF1831,pause,0.22,,pegboard accessories for bracelets,kw_pegboard_if1831,kw_core,387190270199208,436242921045835,400,4,8.43,41,1,0.312337,1.73,8,0,,residual_15d_zero_order_hard_stop,7d_zero_order clicks=8 spend=1.73,kw_zero_order_or_high_acos_not_stopped,pegboard_weak_demand_or_fit,do_not_reopen_without_fresh_market_and_exact_conversion_proof,83
sbKw,sbKeyword,309286058423819,MED1033,bid,0.34,0.25,salad bar refrigerator pans,hotel pans-med1033-sbv-s-new,,434065971477206,520374239217370,543,4,8.34,21,2,0.083416,2.43,6,0,,cooldown_override_7d_zero_order_heavy_cut,7d_zero_order clicks=6 spend=2.43,sbv_or_sb_keyword_spend_not_closed,unclassified_low_efficiency_tail,reopen_only_after_recent_conversion_proof,84
kw,keyword,272454594659175,NO3390,bid,0.18,0.02,baby shower gift bags for guests,kw2_butterfly baby shower_no3390,kw2_butterfly baby shower_no3390,353223566318509,449400651740572,277,4,8.28,49,3,0.121836,2,13,0,,cooldown_override_7d_zero_order_heavy_cut,7d_zero_order clicks=13 spend=2.00,kw_zero_order_or_high_acos_not_stopped,baby_shower_party_competition_fit_gap,do_not_reopen_without_fresh_market_and_exact_conversion_proof,85
auto,autoTarget,460882258494158,EU0867,pause,0.3,,Substitutes,auto_q2 profit eu0867 auto_eu0867,auto_q2 profit eu0867 auto_eu0867,53732096545955,457833031405720,337,4,8.24,35,2,0.137379,2.58,9,0,,cooldown_override_15d_zero_order_hard_stop,7d_zero_order clicks=9 spend=2.58,auto_loose_or_substitutes_uncontrolled,unclassified_low_efficiency_tail,reopen_only_after_recent_conversion_proof,86
sbKw,sbKeyword,445813427016396,DN1655,bid,0.39,0.25,french florist buckets white,sbv kw_galvanized flower bucket_dn1655,,352172386118311,302175967290275,171,4,8.1,21,2,0.071694,2.04,5,0,,residual_7d_zero_order_heavy_cut,7d_zero_order clicks=5 spend=2.04,sbv_or_sb_keyword_spend_not_closed,unclassified_low_efficiency_tail,reopen_only_after_recent_conversion_proof,87
manual,manualTarget,418370910291382,LED3343,bid,0.21,0.02,asinExpandedFrom=B0DT3SWHWQ,asin_book lovers gift_led3343,asin_book lovers gift_led3343,371649140583725,495626988252118,705,4,8.09,31,1,0.622786,1.87,9,0,,cooldown_override_7d_zero_order_heavy_cut,7d_zero_order clicks=9 spend=1.87,asin_or_manual_expansion_unverified,unclassified_low_efficiency_tail,reopen_only_after_recent_conversion_proof,88
manual,manualTarget,403617594646759,SHQ3375,bid,0.36,0.33,asin=B0FGCW1HJZ,asin_wooden cars to paint_shq3375,asin_wooden cars to paint_shq3375,494910084393908,370414385655259,803,4,8.06,26,4,0.057587,0,0,0,,persistently_low_small_step,15d_zero_order clicks=8 spend=2.85,asin_or_manual_expansion_unverified,unclassified_low_efficiency_tail,reopen_only_after_recent_conversion_proof,89
sbKw,sbKeyword,85951032366387,CLO0344,pause,0.25,,jewelry display stand,sbkw_rotating bracelet display stand_clo0344 clo0341 clo0343,,200659595040115,298572935069155,624,4,7.71,44,2,0.102841,1.95,10,0,,cooldown_override_15d_zero_order_hard_stop,7d_zero_order clicks=10 spend=1.95,sbv_or_sb_keyword_spend_not_closed,unclassified_low_efficiency_tail,reopen_only_after_recent_conversion_proof,90
sbKw,sbKeyword,339701014535991,DN1655,bid,0.38,0.35,galvanized bucket,sbv kw_galvanized flower bucket_dn1655,,352172386118311,302175967290275,171,4,7.61,19,1,0.169148,1.35,3,0,,persistently_low_small_step,15d_zero_order clicks=8 spend=3.18,sbv_or_sb_keyword_spend_not_closed,unclassified_low_efficiency_tail,reopen_only_after_recent_conversion_proof,91
kw,keyword,394782672157475,BOY3171,pause,0.36,,here comes the sun baby shower,kw phrase_babyshowerbags_boy3171,kw phrase_babyshowerbags_boy3171,94934602744308,443233423140335,84,4,7.54,25,1,0.397051,4.07,12,0,,cooldown_override_15d_zero_order_hard_stop,7d_zero_order clicks=12 spend=4.07,phrase_kw_not_stopped_at_7_15d,baby_shower_party_competition_fit_gap,do_not_reopen_without_fresh_market_and_exact_conversion_proof,92
kw,keyword,441646494775821,SAN1213,bid,0.34,0.31,tan cowgirl hat,kw_cowboyhat_san1213,kw_cowboyhat_san1213,341849241439909,290542207924147,528,4,7.49,21,2,0.101243,1.02,3,0,,persistently_low_small_step,15d_zero_order clicks=10 spend=3.35,kw_zero_order_or_high_acos_not_stopped,hat_cowboy_generic_intent_gap,do_not_reopen_without_fresh_market_and_exact_conversion_proof,93
kw,keyword,561545528556108,OCE1413,bid,0.14,0.02,officiant book,kw exact_wedding officiant book_oce1413,kw exact_wedding officiant book_oce1413,156863193603288,501737610005071,665,4,7.44,68,11,0.048662,1.26,9,0,,cooldown_override_7d_zero_order_heavy_cut,7d_zero_order clicks=9 spend=1.26,kw_zero_order_or_high_acos_not_stopped,wedding_broad_intent_competition_gap,do_not_reopen_without_fresh_market_and_exact_conversion_proof,94
sbKw,sbKeyword,177922698600611,,pause,0.3,,baby shower activities,sb,,88016410758535,398273352562252,803,4,7.3,24,2,0.107384,3.11,11,0,,residual_15d_zero_order_hard_stop,7d_zero_order clicks=11 spend=3.11,sbv_or_sb_keyword_spend_not_closed,baby_shower_party_competition_fit_gap,do_not_reopen_without_fresh_market_and_exact_conversion_proof,95
sbKw,sbKeyword,86222933558198,KEJ1748,pause,0.4,,peg board basket,sbv kw_pegboard baskets_kej1748,,266121276953677,461242585574561,765,4,7.29,20,1,0.182295,2.88,8,0,,cooldown_override_15d_zero_order_hard_stop,7d_zero_order clicks=8 spend=2.88,sbv_or_sb_keyword_spend_not_closed,pegboard_weak_demand_or_fit,do_not_reopen_without_fresh_market_and_exact_conversion_proof,96
kw,keyword,410668515061747,QA1157,bid,0.34,0.03,colored pencils with sharpener,kw_mini colored pencils_qa1157,kw_mini colored pencils_qa1157,316399681920495,375727077500229,388,4,7.24,22,1,0.362181,4.76,14,0,,cooldown_override_7d_zero_order_heavy_cut,7d_zero_order clicks=14 spend=4.76,kw_zero_order_or_high_acos_not_stopped,unclassified_low_efficiency_tail,reopen_only_after_recent_conversion_proof,97
auto,autoTarget,416799368344560,CII1754,pause,0.19,,Close-match,auto_q2 profit cii1754 auto_cii1754,auto_q2 profit cii1754 auto_cii1754,116313907909576,428244619828839,717,4,6.98,39,1,0.290954,1.7,9,0,,residual_15d_zero_order_hard_stop,7d_zero_order clicks=9 spend=1.70,auto_zero_order_not_closed,unclassified_low_efficiency_tail,reopen_only_after_recent_conversion_proof,98
auto,autoTarget,516985610934102,UY3670,bid,0.54,0.05,Substitutes,auto_ star badge lapel pin_uy3670,auto_ star badge lapel pin_uy3670,483509004194382,472314112995899,380,4,6.95,15,1,0.10222,2.82,6,0,,cooldown_override_7d_zero_order_heavy_cut,7d_zero_order clicks=6 spend=2.82,auto_loose_or_substitutes_uncontrolled,unclassified_low_efficiency_tail,reopen_only_after_recent_conversion_proof,99
auto,autoTarget,347379396343103,QQ2235,bid,0.04,0.02,Loose-match,auto_rainbow table cloths_qq2235,auto_rainbow table cloths_qq2235,195459013678674,340152445928005,296,4,6.92,18,2,0.216385,3.2,8,0,,cooldown_override_7d_zero_order_heavy_cut,7d_zero_order clicks=8 spend=3.20,auto_loose_or_substitutes_uncontrolled,unclassified_low_efficiency_tail,reopen_only_after_recent_conversion_proof,100
kw,keyword,69853971330380,CL1976,bid,0.04,0.02,eyebrow scissors for women,kw phrase_eyebrow scissors_cl1976,kw phrase_eyebrow scissors_cl1976,28675328292391,186509585787768,103,4,6.84,18,1,1.269016,6.46,17,1,1.198515,cooldown_override_30d_extreme_acos_cut,7d_high_acos clicks=17 spend=6.46 orders=1 acos=1.199,phrase_kw_not_stopped_at_7_15d,unclassified_low_efficiency_tail,reopen_only_after_recent_conversion_proof,101
kw,keyword,93633708057270,KY1342,bid,0.14,0.07,red towels for bathroom,rose wall painting ky1342-system,rose wall painting ky1342-system,99073626585537,163194665747870,196,4,6.69,25,1,0.669669,5.64,21,1,0.564564,cooldown_override_30d_severe_acos_cut,7d_high_acos clicks=21 spend=5.64 orders=1 acos=0.565,kw_zero_order_or_high_acos_not_stopped,unclassified_low_efficiency_tail,reopen_only_after_recent_conversion_proof,102
kw,keyword,428758552626708,OYH0257,bid,0.31,0.03,wedding gifts,bridal shower prizes-oyh0257 cs,bridal shower prizes-oyh0257 cs,317047716076200,436888894775350,795,4,6.67,25,1,0.18538,3.6,12,0,,cooldown_override_7d_zero_order_heavy_cut,7d_zero_order clicks=12 spend=3.60,kw_zero_order_or_high_acos_not_stopped,wedding_broad_intent_competition_gap,do_not_reopen_without_fresh_market_and_exact_conversion_proof,103
manual,manualTarget,309869617293746,YUT2847,pause,0.82,,asinExpandedFrom=B07K9BFPT3,asin expanded_soccer ball_yut2847,asin expanded_soccer ball_yut2847,163227667430829,537864011876435,737,4,6.58,8,0,,3.28,4,0,,residual_30d_zero_order_hard_stop,7d_zero_order clicks=4 spend=3.28,asin_or_manual_expansion_unverified,unclassified_low_efficiency_tail,reopen_only_after_recent_conversion_proof,104
auto,autoTarget,497166322179011,BOY3355,pause,0.18,,Substitutes,ai_auto_coverage_boy3355,ai_auto_coverage_boy3355,24484439866038,426541791682498,84,4,6.53,30,0,,1.98,11,0,,cooldown_override_30d_zero_order_hard_stop,7d_zero_order clicks=11 spend=1.98,auto_loose_or_substitutes_uncontrolled,unclassified_low_efficiency_tail,reopen_only_after_recent_conversion_proof,105
auto,autoTarget,552864276412296,CEE0467,bid,0.15,0.02,Substitutes,auto_q2 profit cee0467 auto_cee0467,auto_q2 profit cee0467 auto_cee0467,248937462805076,336690038113859,583,4,6.49,46,1,0.341758,3.59,25,0,,cooldown_override_7d_zero_order_heavy_cut,7d_zero_order clicks=25 spend=3.59,auto_loose_or_substitutes_uncontrolled,unclassified_low_efficiency_tail,reopen_only_after_recent_conversion_proof,106
auto,autoTarget,488845529511105,DUN1391,pause,0.38,,Close-match,auto_ commercial food storage_dun1391,auto_ commercial food storage_dun1391,557601292327944,338291707000624,639,4,6.38,16,0,,0.76,2,0,,no_order_hard_stop,15d_zero_order clicks=8 spend=3.10,auto_zero_order_not_closed,storage_food_container_broad_fit_gap,do_not_reopen_without_fresh_market_and_exact_conversion_proof,107
auto,autoTarget,321678116671689,DUN1391,pause,0.38,,Complements,auto_ commercial food storage_dun1391,auto_ commercial food storage_dun1391,557601292327944,338291707000624,639,4,6.38,16,0,,0.38,1,0,,no_order_hard_stop,15d_zero_order clicks=9 spend=3.51,auto_zero_order_not_closed,storage_food_container_broad_fit_gap,do_not_reopen_without_fresh_market_and_exact_conversion_proof,108
sbKw,sbKeyword,84318909614927,MF6328,pause,0.5,,pool party decorations,sbkw_pool floats_mf6328 mf6292 mf6280,,272213410885381,494111239569353,314,4,6.3,14,1,0.370806,3.17,6,0,,cooldown_override_15d_zero_order_hard_stop,7d_zero_order clicks=6 spend=3.17,sbv_or_sb_keyword_spend_not_closed,unclassified_low_efficiency_tail,reopen_only_after_recent_conversion_proof,109
sbKw,sbKeyword,85895645314519,MF6328,bid,0.6,0.06,pool number float,sbkw_pool floats_mf6328 mf6292 mf6280,,272213410885381,494111239569353,314,4,6.3,15,4,0.068508,3.19,6,0,,cooldown_override_7d_zero_order_heavy_cut,7d_zero_order clicks=6 spend=3.19,sbv_or_sb_keyword_spend_not_closed,unclassified_low_efficiency_tail,reopen_only_after_recent_conversion_proof,110
sbKw,sbKeyword,368752100832094,HL2535,pause,0.48,,dog deterrent devices,sbv kw_spikes mat_hl2535,,244346490371189,189936758975879,117,4,6.25,14,1,0.312656,2.34,5,0,,residual_15d_zero_order_hard_stop,7d_zero_order clicks=5 spend=2.34,sbv_or_sb_keyword_spend_not_closed,unclassified_low_efficiency_tail,reopen_only_after_recent_conversion_proof,111
sbKw,sbKeyword,4032455405301,DUN1127,bid,0.32,0.03,bread basket,sb_dun1127dun1128dun1150,,403697255305566,455853616969620,639,4,6.22,21,1,0.155538,2.3,8,0,,cooldown_override_7d_zero_order_heavy_cut,7d_zero_order clicks=8 spend=2.30,sbv_or_sb_keyword_spend_not_closed,unclassified_low_efficiency_tail,reopen_only_after_recent_conversion_proof,112
sbKw,sbKeyword,39544525325766,DAY2987,bid,0.46,0.25,veterinary receptionist week gifts,sbvkw_vet tech appreciation gifts_day2987,,449197525913025,351282017395174,429,4,6.11,14,1,0.407605,3.1,7,0,,cooldown_override_7d_zero_order_heavy_cut,7d_zero_order clicks=7 spend=3.10,sbv_or_sb_keyword_spend_not_closed,unclassified_low_efficiency_tail,reopen_only_after_recent_conversion_proof,113
manual,manualTarget,503532019455401,SIJ2012,bid,0.44,0.04,asinExpandedFrom=B08XM6C96K,storage bins-sij2012-pt,storage bins-sij2012-pt,462459744894449,556323396650736,607,4,6.05,14,2,0.053549,2.2,5,0,,residual_7d_zero_order_heavy_cut,7d_zero_order clicks=5 spend=2.20,asin_or_manual_expansion_unverified,storage_food_container_broad_fit_gap,do_not_reopen_without_fresh_market_and_exact_conversion_proof,114
auto,autoTarget,422704605711000,STA2607,bid,0.38,0.04,Loose-match,auto_pastor gifts_sta2607,auto_pastor gifts_sta2607,162836492918225,306138298637452,420,4,6.03,18,1,0.317535,4.04,11,0,,cooldown_override_7d_zero_order_heavy_cut,7d_zero_order clicks=11 spend=4.04,auto_loose_or_substitutes_uncontrolled,unclassified_low_efficiency_tail,reopen_only_after_recent_conversion_proof,115
kw,keyword,414023886897494,KV3640,bid,0.69,0.07,gifts for girl with broken arm,kw_walkingstickbear_kv3640,kw_normal,294111359277275,379255345865366,357,4,5.99,10,1,0.285373,3.4,5,0,,cooldown_override_7d_zero_order_heavy_cut,7d_zero_order clicks=5 spend=3.40,kw_zero_order_or_high_acos_not_stopped,unclassified_low_efficiency_tail,reopen_only_after_recent_conversion_proof,116
sbKw,sbKeyword,413633093133043,YAN0087,pause,0.36,,picture frame with angel wings,memorial picture frames yan0087-sbv-f-old,,419105829260095,451110666164619,423,4,5.98,18,0,,1.82,6,0,,no_order_hard_stop,15d_zero_order clicks=14 spend=4.82,sbv_or_sb_keyword_spend_not_closed,funeral_memorial_ribbon_fit_misjudge,do_not_reopen_without_fresh_market_and_exact_conversion_proof,117
kw,keyword,148480244004955,QA3278,pause,0.28,,wedding party favors,kw_q2 profit qa3278 broad_qa3278,kw_q2 profit qa3278 broad_qa3278,241401675339749,265657423776660,388,4,5.97,25,0,,2.6,10,0,,cooldown_override_30d_zero_order_hard_stop,7d_zero_order clicks=10 spend=2.60,broad_kw_too_wide,wedding_broad_intent_competition_gap,do_not_reopen_without_fresh_market_and_exact_conversion_proof,118
sbKw,sbKeyword,99918690571826,DUN1391,bid,0.32,0.03,restaurant food storage containers,sbkw_commercial food storage_dun1391 dun1394 dun1392,,209927858454800,538577544752442,639,4,5.94,15,1,0.116493,2.78,7,0,,cooldown_override_7d_zero_order_heavy_cut,7d_zero_order clicks=7 spend=2.78,sbv_or_sb_keyword_spend_not_closed,storage_food_container_broad_fit_gap,do_not_reopen_without_fresh_market_and_exact_conversion_proof,119
auto,autoTarget,305458078890944,YUT4464,bid,0.32,0.03,Loose-match,auto_q2 profit yut4464 auto_yut4464,auto_q2 profit yut4464 auto_yut4464,231123993170477,469038750280496,737,4,5.93,18,1,0.237294,2.22,6,0,,cooldown_override_7d_zero_order_heavy_cut,7d_zero_order clicks=6 spend=2.22,auto_loose_or_substitutes_uncontrolled,unclassified_low_efficiency_tail,reopen_only_after_recent_conversion_proof,120
auto,autoTarget,373581772776322,QA3278,pause,0.27,,Close-match,auto_weeding fan_qa3278,auto_weeding fan_qa3278,527437848007129,558330469343997,388,4,5.92,27,1,0.227779,2.68,10,0,,cooldown_override_15d_zero_order_hard_stop,7d_zero_order clicks=10 spend=2.68,auto_zero_order_not_closed,wedding_broad_intent_competition_gap,do_not_reopen_without_fresh_market_and_exact_conversion_proof,121
auto,autoTarget,180025824325722,SSU1756,bid,0.38,0.04,Close-match,auto_garment bag_ssu1756,auto_normal,20040558559307,218175563853737,432,4,5.92,11,3,0.019934,2.75,5,0,,residual_7d_zero_order_heavy_cut,7d_zero_order clicks=5 spend=2.75,auto_zero_order_not_closed,unclassified_low_efficiency_tail,reopen_only_after_recent_conversion_proof,122
kw,keyword,110396179043295,STY6101,pause,0.35,,bear baby shower decorations for girl,kw broad_boho baby shower decor_sty6101,kw broad_boho baby shower decor_sty6101_1,27982724113110,201331598723462,867,4,5.86,18,0,,2.33,7,0,,cooldown_override_30d_zero_order_hard_stop,7d_zero_order clicks=7 spend=2.33,broad_kw_too_wide,baby_shower_party_competition_fit_gap,do_not_reopen_without_fresh_market_and_exact_conversion_proof,123
sbKw,sbKeyword,263458277071607,KZ5816,bid,0.46,0.25,movie night decorations,sbvkw_vip party_kz5816,,452019101321671,326216619308699,15,4,5.85,11,2,0.325361,2.95,5,0,,cooldown_override_7d_zero_order_heavy_cut,7d_zero_order clicks=5 spend=2.95,sbv_or_sb_keyword_spend_not_closed,unclassified_low_efficiency_tail,reopen_only_after_recent_conversion_proof,124
sbKw,sbKeyword,319195960235959,LE5044,pause,0.42,,counselor gifts for women,sbvkw_school counselor _le5044,,327706785396391,404048239888716,398,4,5.8,10,0,,2.98,5,0,,cooldown_override_30d_zero_order_hard_stop,7d_zero_order clicks=5 spend=2.98,sbv_or_sb_keyword_spend_not_closed,school_counselor_scattered_intent,do_not_reopen_without_fresh_market_and_exact_conversion_proof,125
auto,autoTarget,313132686408537,MTY1808,pause,0.5,,Substitutes,auto_veterans day gifts_mty1808,auto_veterans day gifts_mty1808,503539920673225,319091377546035,841,4,5.77,10,0,,5.77,10,0,,cooldown_override_30d_zero_order_hard_stop,7d_zero_order clicks=10 spend=5.77,auto_loose_or_substitutes_uncontrolled,unclassified_low_efficiency_tail,reopen_only_after_recent_conversion_proof,126
auto,autoTarget,346126623913418,DAY2984,bid,0.04,0.02,Substitutes,b2b auto_thank you gifts bulk_day2984,b2b auto_thank you gifts bulk_day2984,276675617159504,454276401988574,429,4,5.77,16,3,0.108929,2.42,6,0,,cooldown_override_7d_zero_order_heavy_cut,7d_zero_order clicks=6 spend=2.42,auto_loose_or_substitutes_uncontrolled,unclassified_low_efficiency_tail,reopen_only_after_recent_conversion_proof,127
sbKw,sbKeyword,213616659729213,KEJ1748,pause,0.3,,wall mount wire basket,sb kw broad_wall mount wire basket_kej1748 kej0562 kej0561,,69718518356320,532334704399062,765,4,5.76,21,0,,1.9,9,0,,cooldown_override_30d_zero_order_hard_stop,7d_zero_order clicks=9 spend=1.90,sbv_or_sb_keyword_spend_not_closed,pegboard_weak_demand_or_fit,do_not_reopen_without_fresh_market_and_exact_conversion_proof,128
auto,autoTarget,451476295515328,PR2460,pause,0.28,,Loose-match,auto_slingshot chicken finger_pr2460,auto_slingshot chicken finger_pr2460,306892610703010,427171351303650,333,4,5.74,17,0,,0,0,0,,no_order_hard_stop,30d_zero_order clicks=17 spend=5.74,auto_loose_or_substitutes_uncontrolled,unclassified_low_efficiency_tail,reopen_only_after_recent_conversion_proof,129
auto,autoTarget,463821615837701,CEE0467,pause,0.15,,Loose-match,auto_q2 profit cee0467 auto_cee0467,auto_q2 profit cee0467 auto_cee0467,248937462805076,336690038113859,583,4,5.69,40,0,,3.71,25,0,,no_order_hard_stop,7d_zero_order clicks=25 spend=3.71,auto_loose_or_substitutes_uncontrolled,unclassified_low_efficiency_tail,reopen_only_after_recent_conversion_proof,130
auto,autoTarget,387745729096404,TH2781,bid,0.59,0.06,Loose-match,auto_amazon business_th2781,auto_amazon business_th2781,144400607114807,372047755513225,120,4,5.67,9,1,0.22974,2.58,4,0,,cooldown_override_7d_zero_order_heavy_cut,7d_zero_order clicks=4 spend=2.58,auto_loose_or_substitutes_uncontrolled,unclassified_low_efficiency_tail,reopen_only_after_recent_conversion_proof,131
kw,keyword,521259593379261,SHQ2216,bid,0.37,0.04,baby shower cars to decorate,kw_wooddiycars_shq2216,kw_wooddiycars_shq2216,326289963121406,294463346788690,803,4,5.6,19,1,0.151392,2.36,7,0,,cooldown_override_7d_zero_order_heavy_cut,7d_zero_order clicks=7 spend=2.36,kw_zero_order_or_high_acos_not_stopped,baby_shower_party_competition_fit_gap,do_not_reopen_without_fresh_market_and_exact_conversion_proof,132
kw,keyword,9024430718623,COT2347,bid,0.4,0.04,vbs activities,kw broad_vbs crafts_COT2347,kw broad_vbs crafts_COT2347,26707176537495,11684708422867,720,4,5.6,14,2,0.14007,2,5,0,,residual_7d_zero_order_heavy_cut,7d_zero_order clicks=5 spend=2.00,broad_kw_too_wide,unclassified_low_efficiency_tail,reopen_only_after_recent_conversion_proof,133
kw,keyword,481936523456437,HEL2084,pause,0.41,,staff thank you gifts bulk,kw broad_team appreciation gifts bulk_hel2084,kw broad_team appreciation gifts bulk_hel2084,187595844466590,357104586777701,487,4,5.59,15,0,,2.38,6,0,,cooldown_override_30d_zero_order_hard_stop,7d_zero_order clicks=6 spend=2.38,broad_kw_too_wide,unclassified_low_efficiency_tail,reopen_only_after_recent_conversion_proof,134
auto,autoTarget,481034468471198,GT3814,bid,0.27,0.24,Close-match,pin me cheer ribbon-gt3814-a2,pin me cheer ribbon-gt3814-a2,414413128252700,412471957465605,167,4,5.53,20,1,0.11528,1.74,6,0,,persistently_low_small_step,15d_zero_order clicks=10 spend=2.69,auto_zero_order_not_closed,funeral_memorial_ribbon_fit_misjudge,do_not_reopen_without_fresh_market_and_exact_conversion_proof,135
sbKw,sbKeyword,47264852583059,KEJ1748,pause,0.24,,wall storage basket,sb kw broad_wall mount wire basket_kej1748 kej0562 kej0561,,69718518356320,532334704399062,765,4,5.42,21,0,,1.13,7,0,,cooldown_override_30d_zero_order_hard_stop,7d_zero_order clicks=7 spend=1.13,sbv_or_sb_keyword_spend_not_closed,pegboard_weak_demand_or_fit,do_not_reopen_without_fresh_market_and_exact_conversion_proof,136
auto,autoTarget,348143030833272,AE2139,pause,0.58,,Substitutes,auto_amazon business_ae2139,auto_amazon business_ae2139,155198233810050,346994711871643,195,4,5.39,10,0,,2.33,4,0,,cooldown_override_30d_zero_order_hard_stop,7d_zero_order clicks=4 spend=2.33,auto_loose_or_substitutes_uncontrolled,storage_food_container_broad_fit_gap,do_not_reopen_without_fresh_market_and_exact_conversion_proof,137
sbKw,sbKeyword,121949899564963,CLO0344,pause,0.2,,rotating jewelry display stand,sbkw_rotating bracelet display stand_clo0344 clo0341 clo0343,,200659595040115,298572935069155,624,4,5.34,32,1,0.203506,1.19,7,0,,residual_15d_zero_order_hard_stop,7d_zero_order clicks=7 spend=1.19,sbv_or_sb_keyword_spend_not_closed,unclassified_low_efficiency_tail,reopen_only_after_recent_conversion_proof,138
kw,keyword,1158446875154,CL3650,bid,0.5,0.05,pepper pinata,kw broad_chili pepper pinata_cl3650,kw broad_chili pepper pinata_cl3650,20635938876040,254688784946736,103,4,5.33,12,2,0.076164,2.29,5,0,,cooldown_override_7d_zero_order_heavy_cut,7d_zero_order clicks=5 spend=2.29,broad_kw_too_wide,unclassified_low_efficiency_tail,reopen_only_after_recent_conversion_proof,139
sbKw,sbKeyword,21540443443713,HEL2829,bid,0.26,0.25,plush keychains,sbvkw_cute crochet bear keychain _hel2829,,549373219878462,491588148129648,487,4,5.33,20,1,0.242382,2.85,10,0,,residual_7d_zero_order_heavy_cut,7d_zero_order clicks=10 spend=2.85,sbv_or_sb_keyword_spend_not_closed,unclassified_low_efficiency_tail,reopen_only_after_recent_conversion_proof,140
kw,keyword,325270083054939,HAY0221,pause,0.28,,rubber duck sailor,kw_cruise duck_hay0221,kw_cruise duck_hay0221,505640237073919,504255068457853,546,4,5.32,19,0,,1.68,6,0,,no_order_hard_stop,15d_zero_order clicks=13 spend=3.64,kw_zero_order_or_high_acos_not_stopped,unclassified_low_efficiency_tail,reopen_only_after_recent_conversion_proof,141
kw,keyword,401921220854105,SIJ2011,pause,0.7,,restaurant container,kw_food storage box tote_sij2011,kw_food storage box tote_sij2011,460675192998817,457929568058348,607,4,5.32,7,0,,5.32,7,0,,residual_30d_zero_order_hard_stop,7d_zero_order clicks=7 spend=5.32,kw_zero_order_or_high_acos_not_stopped,storage_food_container_broad_fit_gap,do_not_reopen_without_fresh_market_and_exact_conversion_proof,142
auto,autoTarget,371231017727313,DN2683,pause,0.24,,Substitutes,galvanized flower bucket dn2683-a2,galvanized flower bucket dn2683-a2,537486945043934,471315831582496,171,4,5.28,18,0,,5.28,18,0,,cooldown_override_30d_zero_order_hard_stop,7d_zero_order clicks=18 spend=5.28,auto_loose_or_substitutes_uncontrolled,unclassified_low_efficiency_tail,reopen_only_after_recent_conversion_proof,143
auto,autoTarget,446271865911786,DUN1392,pause,0.29,,Loose-match,auto_commercial food storage_dun1392,auto_commercial food storage_dun1392,506021562500877,505733559635653,639,4,5.27,20,0,,3.79,14,0,,no_order_hard_stop,7d_zero_order clicks=14 spend=3.79,auto_loose_or_substitutes_uncontrolled,storage_food_container_broad_fit_gap,do_not_reopen_without_fresh_market_and_exact_conversion_proof,144
sbKw,sbKeyword,171795190888022,YUT2847,pause,0.51,,size 3 soccer ball,sb _soccer balls bulk_yut2847 yut2840 yut2844,,21598962397311,536685428761558,737,4,5.27,10,1,0.119799,2.09,4,0,,cooldown_override_15d_zero_order_hard_stop,7d_zero_order clicks=4 spend=2.09,sbv_or_sb_keyword_spend_not_closed,unclassified_low_efficiency_tail,reopen_only_after_recent_conversion_proof,145
kw,keyword,232541367602369,SH0423,bid,0.35,0.03,umbrella hat,kw exact_umbrella hat_sh0423,kw exact_umbrella hat_sh0423,151811182617217,124973306050729,49,4,5.25,15,1,0.404157,2.45,7,0,,residual_7d_zero_order_heavy_cut,7d_zero_order clicks=7 spend=2.45,kw_zero_order_or_high_acos_not_stopped,hat_cowboy_generic_intent_gap,do_not_reopen_without_fresh_market_and_exact_conversion_proof,146
kw,keyword,153413564980958,SAN0148,pause,0.22,,great gatsby accessories for women,kw_q2 profit san0148 phrase_san0148,kw_q2 profit san0148 phrase_san0148,275179455296602,246830005979707,528,4,5.23,24,0,,2.15,10,0,,no_order_hard_stop,7d_zero_order clicks=10 spend=2.15,phrase_kw_not_stopped_at_7_15d,unclassified_low_efficiency_tail,reopen_only_after_recent_conversion_proof,147
kw,keyword,100460335351329,TUR5292,bid,0.45,0.05,bible verse cards,ai_kw exact_prayer scripture cards_tur5292,ai_kw exact_prayer scripture cards_tur5292,161797528518591,160443626878439,856,4,5.22,12,1,0.127348,2.7,6,0,,cooldown_override_7d_zero_order_heavy_cut,7d_zero_order clicks=6 spend=2.70,kw_zero_order_or_high_acos_not_stopped,unclassified_low_efficiency_tail,reopen_only_after_recent_conversion_proof,148
auto,autoTarget,549939291390810,JAF0900,pause,0.28,,Close-match,church gifts in bulk-jaf0900-auto,church gifts in bulk-jaf0900-auto,313904114505884,294844223053179,628,4,5.22,18,0,,2.93,9,0,,cooldown_override_30d_zero_order_hard_stop,7d_zero_order clicks=9 spend=2.93,auto_zero_order_not_closed,unclassified_low_efficiency_tail,reopen_only_after_recent_conversion_proof,149
kw,keyword,116493964658821,GUF3129,bid,0.4,0.04,patriotic gift hat,broad_patriotic_gifts_guf3129,broad_patriotic_gifts_guf3129,259832901636741,208528137411809,714,4,5.2,13,1,0.113068,4,10,0,,cooldown_override_7d_zero_order_heavy_cut,7d_zero_order clicks=10 spend=4.00,broad_kw_too_wide,hat_cowboy_generic_intent_gap,do_not_reopen_without_fresh_market_and_exact_conversion_proof,150
auto,autoTarget,497116553241517,SAN1320,pause,0.31,,Close-match,ai_auto_coverage_san1320,ai_auto_coverage_san1320,207512510317450,412341894912213,528,4,5.19,17,1,0.34623,2.17,7,0,,residual_15d_zero_order_hard_stop,7d_zero_order clicks=7 spend=2.17,auto_zero_order_not_closed,unclassified_low_efficiency_tail,reopen_only_after_recent_conversion_proof,151
auto,autoTarget,510757492028264,JIN1883,bid,0.45,0.05,Substitutes,auto_tablenum_jin1883,auto_normal,482790174311842,537384405801736,622,4,5.18,12,1,0.035484,2.7,6,0,,residual_7d_zero_order_heavy_cut,7d_zero_order clicks=6 spend=2.70,auto_loose_or_substitutes_uncontrolled,unclassified_low_efficiency_tail,reopen_only_after_recent_conversion_proof,152
kw,keyword,424972865146722,DUN1391,pause,0.48,,gallon ice cream containers with lids,kw_commercial food storage_dun1391,kw_commercial food storage_dun1391,321623498823752,320630977561404,639,4,5.17,11,0,,2.77,6,0,,residual_30d_zero_order_hard_stop,7d_zero_order clicks=6 spend=2.77,kw_zero_order_or_high_acos_not_stopped,storage_food_container_broad_fit_gap,do_not_reopen_without_fresh_market_and_exact_conversion_proof,153
sbKw,sbKeyword,215465431302646,DUN1392,pause,0.32,,bulk food storage containers,sbvkw_commercial food storage_dun1392,,259918767941012,498710244448173,639,4,5.14,16,0,,2.15,8,0,,cooldown_override_30d_zero_order_hard_stop,7d_zero_order clicks=8 spend=2.15,sbv_or_sb_keyword_spend_not_closed,storage_food_container_broad_fit_gap,do_not_reopen_without_fresh_market_and_exact_conversion_proof,154
auto,autoTarget,354169963064299,EY5555,pause,0.31,,Close-match,auto_q2 profit ey5555 auto_ey5555,auto_q2 profit ey5555 auto_ey5555,90905719662027,558703182511672,295,4,5.13,19,1,0.205282,2.07,7,0,,cooldown_override_15d_zero_order_hard_stop,7d_zero_order clicks=7 spend=2.07,auto_zero_order_not_closed,unclassified_low_efficiency_tail,reopen_only_after_recent_conversion_proof,155
auto,autoTarget,439950409689417,YCL1247,pause,0.1,,Substitutes,blue floral picks ycl1247-a0.08,blue floral picks ycl1247-a0.08,530043688726772,416255780357618,479,4,5.12,49,0,,0.38,4,0,,no_order_hard_stop,15d_zero_order clicks=20 spend=2.02,auto_loose_or_substitutes_uncontrolled,unclassified_low_efficiency_tail,reopen_only_after_recent_conversion_proof,156
kw,keyword,133874083222780,HAY1929,bid,0.26,0.03,cruise ship ducks,ai_kw broad_cruise ducks_hay1929,ai_kw broad_cruise ducks_hay1929,276348666502411,184850758333493,546,4,5.08,20,1,0.231014,2.86,11,0,,cooldown_override_7d_zero_order_heavy_cut,7d_zero_order clicks=11 spend=2.86,broad_kw_too_wide,unclassified_low_efficiency_tail,reopen_only_after_recent_conversion_proof,157
auto,autoTarget,552702324043984,GT3814,bid,0.21,0.18,Substitutes,pin me cheer ribbon-gt3814-a2,pin me cheer ribbon-gt3814-a2,414413128252700,412471957465605,167,4,5.06,26,4,0.087908,1.23,6,0,,persistently_low_small_step,15d_zero_order clicks=15 spend=2.90,auto_loose_or_substitutes_uncontrolled,funeral_memorial_ribbon_fit_misjudge,do_not_reopen_without_fresh_market_and_exact_conversion_proof,158
sbKw,sbKeyword,292308819259182,UAN2599,pause,0.35,,small journals,kw_sbv_inspirational_journal_uan2599,,109108559672104,476633555235105,515,4,5.06,17,1,0.506506,4.29,14,0,,cooldown_override_15d_zero_order_hard_stop,7d_zero_order clicks=14 spend=4.29,sbv_or_sb_keyword_spend_not_closed,unclassified_low_efficiency_tail,reopen_only_after_recent_conversion_proof,159
sbKw,sbKeyword,213152191001653,,pause,0.27,,baby shower crafts,sb,,88016410758535,398273352562252,803,4,5.06,18,0,,1.89,7,0,,cooldown_override_30d_zero_order_hard_stop,7d_zero_order clicks=7 spend=1.89,sbv_or_sb_keyword_spend_not_closed,baby_shower_party_competition_fit_gap,do_not_reopen_without_fresh_market_and_exact_conversion_proof,160
sbKw,sbKeyword,269645407471822,KEJ1748,pause,0.3,,wall mount bins,sb kw broad_wall mount wire basket_kej1748 kej0562 kej0561,,69718518356320,532334704399062,765,4,5.02,19,0,,1.41,7,0,,cooldown_override_30d_zero_order_hard_stop,7d_zero_order clicks=7 spend=1.41,sbv_or_sb_keyword_spend_not_closed,pegboard_weak_demand_or_fit,do_not_reopen_without_fresh_market_and_exact_conversion_proof,161
auto,autoTarget,514926415745802,STY6101,pause,0.19,,Loose-match,20260414-sty6101-system-a,20260414-sty6101-system-a,25005367024573,521391415487677,867,4,5.01,29,0,,1.21,7,0,,cooldown_override_30d_zero_order_hard_stop,7d_zero_order clicks=7 spend=1.21,auto_loose_or_substitutes_uncontrolled,baby_shower_party_competition_fit_gap,do_not_reopen_without_fresh_market_and_exact_conversion_proof,162
kw,keyword,369916603253701,SAN0383,pause,0.55,,adult felt cowboy hats bulk,kw_cowhat&band_san0383,kw_cs,350659306277711,515181560403407,528,4,4.95,9,0,,3.85,7,0,,residual_30d_zero_order_hard_stop,7d_zero_order clicks=7 spend=3.85,kw_zero_order_or_high_acos_not_stopped,hat_cowboy_generic_intent_gap,do_not_reopen_without_fresh_market_and_exact_conversion_proof,163
manual,manualTarget,466929639145070,SAN0383,pause,0.54,,asinExpandedFrom=B08BW2S9BQ,asin_cowhat&band_san0383,asin_cowhat&band_san0383,553831302487647,406775616669817,528,4,4.85,10,0,,2.98,6,0,,residual_30d_zero_order_hard_stop,7d_zero_order clicks=6 spend=2.98,asin_or_manual_expansion_unverified,hat_cowboy_generic_intent_gap,do_not_reopen_without_fresh_market_and_exact_conversion_proof,164
auto,autoTarget,329492835490222,KEJ0561,bid,0.32,0.17,Close-match,auto_pegboardorganizer_kej0561,2,504478513693889,498623810478455,765,4,4.84,15,0,,0.93,3,0,,no_order_bid_down,30d_zero_order clicks=15 spend=4.84,auto_zero_order_not_closed,pegboard_weak_demand_or_fit,do_not_reopen_without_fresh_market_and_exact_conversion_proof,165
kw,keyword,145504908004266,LRU1537,bid,0.3,0.27,bear plates,kw board_bear paper plates napkins_lru1537,kw board_bear paper plates napkins_lru1537,193009564424757,74278419866318,518,4,4.76,17,1,0.216462,0.6,2,0,,persistently_low_small_step,15d_zero_order clicks=8 spend=2.18,kw_zero_order_or_high_acos_not_stopped,baby_shower_party_competition_fit_gap,do_not_reopen_without_fresh_market_and_exact_conversion_proof,166
auto,autoTarget,459320570327890,QA3278,pause,0.36,,Complements,auto_weeding fan_qa3278,auto_weeding fan_qa3278,527437848007129,558330469343997,388,4,4.74,17,0,,2.73,10,0,,cooldown_override_30d_zero_order_hard_stop,7d_zero_order clicks=10 spend=2.73,auto_zero_order_not_closed,wedding_broad_intent_competition_gap,do_not_reopen_without_fresh_market_and_exact_conversion_proof,167
kw,keyword,124563671826198,YUT4466,bid,0.4,0.04,birthday pool float,pool party decorations for kids birthday-yut4466-system-keyword,pool party decorations for kids birthday-yut4466-system-keyword,189889521035152,204384416664686,737,4,4.72,11,1,0.205306,2.82,6,0,,cooldown_override_7d_zero_order_heavy_cut,7d_zero_order clicks=6 spend=2.82,kw_zero_order_or_high_acos_not_stopped,unclassified_low_efficiency_tail,reopen_only_after_recent_conversion_proof,168
sbKw,sbKeyword,138273013319403,KEJ1748,pause,0.46,,pegboard baskets,sb kw broad_wall mount wire basket_kej1748 kej0562 kej0561,,69718518356320,532334704399062,765,4,4.71,17,1,0.134609,2.73,10,0,,residual_15d_zero_order_hard_stop,7d_zero_order clicks=10 spend=2.73,sbv_or_sb_keyword_spend_not_closed,pegboard_weak_demand_or_fit,do_not_reopen_without_fresh_market_and_exact_conversion_proof,169
sbKw,sbKeyword,117234478637080,KEJ1748,pause,0.3,,office wall organizer,sb kw broad_wall mount wire basket_kej1748 kej0562 kej0561,,69718518356320,532334704399062,765,4,4.69,16,0,,2.18,9,0,,cooldown_override_30d_zero_order_hard_stop,7d_zero_order clicks=9 spend=2.18,sbv_or_sb_keyword_spend_not_closed,pegboard_weak_demand_or_fit,do_not_reopen_without_fresh_market_and_exact_conversion_proof,170
kw,keyword,412164390075809,SIJ2011,pause,0.75,,commercial food storage containers with lids,kw_food storage box tote_sij2011,kw_food storage box tote_sij2011,460675192998817,457929568058348,607,4,4.67,7,0,,4.67,7,0,,residual_30d_zero_order_hard_stop,7d_zero_order clicks=7 spend=4.67,kw_zero_order_or_high_acos_not_stopped,storage_food_container_broad_fit_gap,do_not_reopen_without_fresh_market_and_exact_conversion_proof,171
auto,autoTarget,341731835467817,SAN0148,pause,0.21,,Close-match,auto_q2 profit san0148 auto_san0148,auto_q2 profit san0148 auto_san0148,212032833134595,364146860456261,528,4,4.67,21,0,,2.36,11,0,,cooldown_override_30d_zero_order_hard_stop,7d_zero_order clicks=11 spend=2.36,auto_zero_order_not_closed,unclassified_low_efficiency_tail,reopen_only_after_recent_conversion_proof,172
kw,keyword,243834141275754,HAY0218,bid,0.2,0.05,ducks for cruise ship,kw_rubber ducks cruise_hay0218,kw_rubber ducks cruise_hay0218,232750983339063,241576346527043,546,4,4.65,15,0,,0,0,0,,no_order_bid_down,30d_zero_order clicks=15 spend=4.65,kw_zero_order_or_high_acos_not_stopped,unclassified_low_efficiency_tail,reopen_only_after_recent_conversion_proof,173
sbKw,sbKeyword,538262948494541,XIX0903,pause,0.43,,stencil set,sbv_letterstencils_xix0903,,471599180932062,449330019033297,772,4,4.65,14,2,0.129238,2.34,7,0,,residual_15d_zero_order_hard_stop,7d_zero_order clicks=7 spend=2.34,sbv_or_sb_keyword_spend_not_closed,unclassified_low_efficiency_tail,reopen_only_after_recent_conversion_proof,174
sbKw,sbKeyword,195641423130181,MF6328,bid,0.61,0.06,floating numbers for pool,sbkw_pool floats_mf6328 mf6292 mf6280,,272213410885381,494111239569353,314,4,4.59,9,2,0.090035,3.36,6,0,,cooldown_override_7d_zero_order_heavy_cut,7d_zero_order clicks=6 spend=3.36,sbv_or_sb_keyword_spend_not_closed,unclassified_low_efficiency_tail,reopen_only_after_recent_conversion_proof,175
kw,keyword,552443822593429,DUN1391,bid,0.48,0.33,6 quart round container,kw_commercial food storage_dun1391,kw_commercial food storage_dun1391,321623498823752,320630977561404,639,4,4.56,10,0,,1.92,4,0,,no_order_bid_down,15d_zero_order clicks=8 spend=3.60,kw_zero_order_or_high_acos_not_stopped,storage_food_container_broad_fit_gap,do_not_reopen_without_fresh_market_and_exact_conversion_proof,176
manual,manualTarget,227454753499888,LNE1321,pause,0.36,,asinExpandedFrom=B0DHRMB2NX,asin_cosmetic bags_lne1321,asin_cosmetic bags_lne1321,540341444121002,397206604518077,453,4,4.51,17,1,0.045569,2.05,7,0,,cooldown_override_15d_zero_order_hard_stop,7d_zero_order clicks=7 spend=2.05,asin_or_manual_expansion_unverified,unclassified_low_efficiency_tail,reopen_only_after_recent_conversion_proof,177
kw,keyword,482733064450494,YUT3183,bid,0.66,0.6,6 pack soccer balls,kw_soccer balls-yut3183,kw_soccer balls-yut3183,410374365859192,446644550044183,737,4,4.43,7,0,,0.66,1,0,,no_order_bid_down,30d_zero_order clicks=7 spend=4.43,kw_zero_order_or_high_acos_not_stopped,unclassified_low_efficiency_tail,reopen_only_after_recent_conversion_proof,178
sbKw,sbKeyword,173773561448304,CAS4030,pause,0.3,,juneteenth cupcake toppers,sbvkw_juneteenth cupcake toppers_cas4030,,468141637445099,361266529315049,385,4,4.41,16,0,,2.26,8,0,,residual_30d_zero_order_hard_stop,7d_zero_order clicks=8 spend=2.26,sbv_or_sb_keyword_spend_not_closed,unclassified_low_efficiency_tail,reopen_only_after_recent_conversion_proof,179
kw,keyword,552517173827607,DUI0086,pause,0.27,,wooden cutting boards with handle,kw_wood cutting boards_dui0086,kw_wood cutting boards_dui0086,367810412093177,398707918877217,689,4,4.39,17,0,,2.58,10,0,,cooldown_override_30d_zero_order_hard_stop,7d_zero_order clicks=10 spend=2.58,kw_zero_order_or_high_acos_not_stopped,unclassified_low_efficiency_tail,reopen_only_after_recent_conversion_proof,180
kw,keyword,545217828144674,KA1544,pause,0.29,,turquoise flowers artificial,kw_artificial foam rose_ka1544,kw_artificial foam rose_ka1544,541659165975879,477369731960173,135,4,4.35,15,0,,2.03,7,0,,cooldown_override_30d_zero_order_hard_stop,7d_zero_order clicks=7 spend=2.03,kw_zero_order_or_high_acos_not_stopped,unclassified_low_efficiency_tail,reopen_only_after_recent_conversion_proof,181
kw,keyword,110486765911578,SH0422,bid,0.35,0.3,umbrella hat,kw exact_umbrella hat_sh0422,kw exact_umbrella hat_sh0422,252979969442426,229715641736969,49,4,4.35,13,1,0.362802,0.65,2,0,,acos_bid_down,15d_zero_order clicks=9 spend=3.01,kw_zero_order_or_high_acos_not_stopped,hat_cowboy_generic_intent_gap,do_not_reopen_without_fresh_market_and_exact_conversion_proof,182
auto,autoTarget,560846093790683,BOY3355,pause,0.22,,Close-match,ai_auto_coverage_boy3355,ai_auto_coverage_boy3355,24484439866038,426541791682498,84,4,4.32,18,0,,2.18,10,0,,cooldown_override_30d_zero_order_hard_stop,7d_zero_order clicks=10 spend=2.18,auto_zero_order_not_closed,unclassified_low_efficiency_tail,reopen_only_after_recent_conversion_proof,183
sbKw,sbKeyword,14624123201301,XIX2353,pause,0.3,,letter and shape stencils,sbkw broad_letter stencils_xix2353,,54095962121074,551036711661677,772,4,4.29,16,0,,2.95,11,0,,residual_30d_zero_order_hard_stop,7d_zero_order clicks=11 spend=2.95,sbv_or_sb_keyword_spend_not_closed,unclassified_low_efficiency_tail,reopen_only_after_recent_conversion_proof,184
manual,manualTarget,401292615824539,AE1101,pause,0.3,,asinExpandedFrom=B0CC34SCVF,asin_coachgifts_ae1101,asin_coachgifts_ae1101,491844162546133,509632820306567,195,4,4.27,15,0,,2.77,10,0,,residual_30d_zero_order_hard_stop,7d_zero_order clicks=10 spend=2.77,asin_or_manual_expansion_unverified,unclassified_low_efficiency_tail,reopen_only_after_recent_conversion_proof,185
sbKw,sbKeyword,177063048045290,QA1157,pause,0.48,,mini colored pencils with sharpener,sbv kw_mini colored pencils_qa1157,,87192228041341,446626535339069,388,4,4.27,10,0,,2.14,5,0,,residual_30d_zero_order_hard_stop,7d_zero_order clicks=5 spend=2.14,sbv_or_sb_keyword_spend_not_closed,unclassified_low_efficiency_tail,reopen_only_after_recent_conversion_proof,186
auto,autoTarget,359423402834052,ST2078,pause,0.12,,Loose-match,auto_strawberry keychains_st2078,auto_strawberry keychains_st2078,466979737444697,529879861619450,165,4,4.24,38,1,0.265165,1.2,10,0,,residual_15d_zero_order_hard_stop,7d_zero_order clicks=10 spend=1.20,auto_loose_or_substitutes_uncontrolled,unclassified_low_efficiency_tail,reopen_only_after_recent_conversion_proof,187
auto,autoTarget,543401882996325,UAN0188,pause,0.13,,Substitutes,auto_ mini inspirational notebooks_uan0188,auto_ mini inspirational notebooks_uan0188,507956881648066,341079761529284,515,4,4.23,23,0,,1.24,8,0,,cooldown_override_30d_zero_order_hard_stop,7d_zero_order clicks=8 spend=1.24,auto_loose_or_substitutes_uncontrolled,unclassified_low_efficiency_tail,reopen_only_after_recent_conversion_proof,188
kw,keyword,203298910036220,OCE2575,bid,0.35,0.2,diamond art bookmarks bulk,ai_kw broad_diamond art bookmarks_oce2575,ai_kw broad_diamond art bookmarks_oce2575,78743788374772,278453233398010,665,4,4.2,12,0,,1.75,5,0,,no_order_bid_down,15d_zero_order clicks=12 spend=4.20,broad_kw_too_wide,unclassified_low_efficiency_tail,reopen_only_after_recent_conversion_proof,189
auto,autoTarget,506014791758702,HUA0165,pause,0.6,,Substitutes,auto_flip flops_hua0165,20230809-hua0165-system-a,452085173713132,336440266267608,600,4,4.18,7,0,,4.18,7,0,,cooldown_override_30d_zero_order_hard_stop,7d_zero_order clicks=7 spend=4.18,auto_loose_or_substitutes_uncontrolled,unclassified_low_efficiency_tail,reopen_only_after_recent_conversion_proof,190
kw,keyword,193624372332204,ZO0891,bid,0.35,0.2,bible study gifts,kw broad_christian mothers day gifts_zo0891,kw broad_christian mothers day gifts_zo0891,1684710798645,132011524166708,294,4,4.17,12,0,,1.72,5,0,,no_order_bid_down,15d_zero_order clicks=10 spend=3.47,broad_kw_too_wide,unclassified_low_efficiency_tail,reopen_only_after_recent_conversion_proof,191
sbKw,sbKeyword,496106748551317,QQ1764,bid,0.6,0.25,rainbow tablecloth rectangle,sbv high-quality_rainbow tablecloth_qq1764,,34122180322406,316203055849498,296,4,4.17,8,4,0.057162,2.49,4,0,,cooldown_override_7d_zero_order_heavy_cut,7d_zero_order clicks=4 spend=2.49,sbv_or_sb_keyword_spend_not_closed,unclassified_low_efficiency_tail,reopen_only_after_recent_conversion_proof,192
kw,keyword,116154868401345,QA3275,pause,0.46,,paper fans for wedding,ai_kw_exact_wedding_fans_qa3275,ai_kw_exact_wedding_fans_qa3275,29375706248464,252219054525183,388,4,4.14,9,0,,3.22,7,0,,cooldown_override_30d_zero_order_hard_stop,7d_zero_order clicks=7 spend=3.22,kw_zero_order_or_high_acos_not_stopped,wedding_broad_intent_competition_gap,do_not_reopen_without_fresh_market_and_exact_conversion_proof,193
auto,autoTarget,359758411135839,CLO0344,pause,0.46,,Close-match,auto_rotating bracelet display stand_clo0344,auto_rotating bracelet display stand_clo0344,378892767863128,559720548915215,624,4,4.14,9,0,,4.14,9,0,,cooldown_override_30d_zero_order_hard_stop,7d_zero_order clicks=9 spend=4.14,auto_zero_order_not_closed,unclassified_low_efficiency_tail,reopen_only_after_recent_conversion_proof,194
auto,autoTarget,390473848070284,QA1950,bid,0.21,0.02,Complements,auto_wooden keychain blanks_qa1950,auto_wooden keychain blanks_qa1950,81465235586434,426889420957316,388,4,4.14,22,1,0.230127,2.26,12,0,,cooldown_override_7d_zero_order_heavy_cut,7d_zero_order clicks=12 spend=2.26,auto_zero_order_not_closed,unclassified_low_efficiency_tail,reopen_only_after_recent_conversion_proof,195
kw,keyword,192770365386046,QA3275,pause,0.46,,fans for wedding guests,ai_kw_exact_wedding_fans_qa3275,ai_kw_exact_wedding_fans_qa3275,29375706248464,252219054525183,388,4,4.13,9,0,,2.29,5,0,,cooldown_override_30d_zero_order_hard_stop,7d_zero_order clicks=5 spend=2.29,kw_zero_order_or_high_acos_not_stopped,wedding_broad_intent_competition_gap,do_not_reopen_without_fresh_market_and_exact_conversion_proof,196
auto,autoTarget,511619876050816,YUN2188,bid,0.27,0.12,Loose-match,auto_mothers day gifts bulk cups_yun2188,auto_mothers day gifts bulk cups_yun2188,16216460122161,420831768103006,563,4,4.11,13,0,,0.54,2,0,,no_order_bid_down,30d_zero_order clicks=13 spend=4.11,auto_loose_or_substitutes_uncontrolled,unclassified_low_efficiency_tail,reopen_only_after_recent_conversion_proof,197
kw,keyword,477384165437298,JUU1053,pause,0.28,,cakesicle stand display,kw broad_cakesicle stand_juu1053,kw broad_cakesicle stand_juu1053,134061865879050,560628901353816,567,4,4.1,15,1,0.227904,3.26,12,0,,residual_15d_zero_order_hard_stop,7d_zero_order clicks=12 spend=3.26,broad_kw_too_wide,unclassified_low_efficiency_tail,reopen_only_after_recent_conversion_proof,198
kw,keyword,551161028714323,HUA0165,pause,0.65,,flip flops,kw_flip flops_hua0165,kw_flip flops_hua0165,327882653276996,336743563934295,600,4,4.08,8,0,,4.08,8,0,,cooldown_override_30d_zero_order_hard_stop,7d_zero_order clicks=8 spend=4.08,kw_zero_order_or_high_acos_not_stopped,unclassified_low_efficiency_tail,reopen_only_after_recent_conversion_proof,199
auto,autoTarget,439375374456381,YUT2840,bid,1.02,0.9,Complements,auto_soccer ball_yut2840,auto_soccer ball_yut2840,47060190231771,358873856096181,737,4,4.08,4,0,,0,0,0,,persistently_low_small_step,30d_zero_order clicks=4 spend=4.08,auto_zero_order_not_closed,unclassified_low_efficiency_tail,reopen_only_after_recent_conversion_proof,200
sbKw,sbKeyword,543388597018076,LE8156,bid,0.3,0.27,social worker gifts for women,sb kw broad_social worker_le8156 le8173 le8168,,222900325634337,555391790259172,398,4,4.06,15,2,0.10155,0.84,3,0,,persistently_low_small_step,15d_zero_order clicks=9 spend=2.42,sbv_or_sb_keyword_spend_not_closed,unclassified_low_efficiency_tail,reopen_only_after_recent_conversion_proof,201
kw,keyword,55929021595671,UY0879,pause,0.71,,therapy office decor,b2b kw broad_therapy office decor_uy0879,b2b kw broad_therapy office decor_uy0879,93761803306543,164661892862135,380,4,4.02,8,0,,2.83,4,0,,cooldown_override_30d_zero_order_hard_stop,7d_zero_order clicks=4 spend=2.83,broad_kw_too_wide,unclassified_low_efficiency_tail,reopen_only_after_recent_conversion_proof,202
auto,autoTarget,548541591822159,STA2604,bid,0.31,0.28,Substitutes,auto_pastor gifts_sta2604,auto_pastor gifts_sta2604,23713242478983,394812570903929,420,4,4,13,1,0.210637,1.55,5,0,,persistently_low_small_step,15d_zero_order clicks=10 spend=3.10,auto_loose_or_substitutes_uncontrolled,unclassified_low_efficiency_tail,reopen_only_after_recent_conversion_proof,203
auto,autoTarget,502395508761924,DN2108,pause,0.5,,Loose-match,auto_flower bucket _dn2108,auto_flower bucket _dn2108,342845564239834,337230233418986,171,4,3.97,9,0,,2.69,6,0,,cooldown_override_30d_zero_order_hard_stop,7d_zero_order clicks=6 spend=2.69,auto_loose_or_substitutes_uncontrolled,unclassified_low_efficiency_tail,reopen_only_after_recent_conversion_proof,204
sbKw,sbKeyword,158789861492986,XIX1523,bid,0.29,0.14,stencils for engraving pen,sbkw_letterstencils_xix1523 xix0903xix2011,,97297500123394,331282048032432,772,4,3.96,16,0,,0.73,3,0,,no_order_bid_down,15d_zero_order clicks=10 spend=2.57,sbv_or_sb_keyword_spend_not_closed,unclassified_low_efficiency_tail,reopen_only_after_recent_conversion_proof,205
kw,keyword,9241620764066,SC3420,bid,0.2,0.17,cardinals,kw_q2 profit sc3420 broad_sc3420,kw_q2 profit sc3420 broad_sc3420,176535041366109,225290925147276,113,4,3.91,20,1,0.217342,0.4,2,0,,persistently_low_small_step,15d_zero_order clicks=10 spend=1.91,broad_kw_too_wide,unclassified_low_efficiency_tail,reopen_only_after_recent_conversion_proof,206
auto,autoTarget,362119874123803,YH3708,bid,0.12,0.02,Loose-match,auto_teacher pencil holder_yh3708,auto_teacher pencil holder_yh3708,537492451473942,363788450372237,52,4,3.9,36,3,0.095191,1.29,12,0,,cooldown_override_7d_zero_order_heavy_cut,7d_zero_order clicks=12 spend=1.29,auto_loose_or_substitutes_uncontrolled,unclassified_low_efficiency_tail,reopen_only_after_recent_conversion_proof,207
auto,autoTarget,481566386639103,KEJ0561,bid,0.35,0.2,Complements,auto_pegboardorganizer_kej0561,2,504478513693889,498623810478455,765,4,3.87,10,0,,1.46,4,0,,no_order_bid_down,15d_zero_order clicks=7 spend=2.61,auto_zero_order_not_closed,pegboard_weak_demand_or_fit,do_not_reopen_without_fresh_market_and_exact_conversion_proof,208
auto,autoTarget,373044934255077,HAN0044,bid,0.29,0.24,Complements,auto_q2 profit han0044 auto_han0044,auto_q2 profit han0044 auto_han0044,171320273364632,342803925877225,559,4,3.84,15,1,0.384384,1.05,4,0,,acos_bid_down,15d_zero_order clicks=11 spend=2.94,auto_zero_order_not_closed,unclassified_low_efficiency_tail,reopen_only_after_recent_conversion_proof,209
manual,manualTarget,117646726094576,SAN0383,pause,0.43,,asinExpandedFrom=B0FPX7BTW7,asin_cowhat&band_san0383,asin_cowhat&band_san0383,553831302487647,406775616669817,528,4,3.84,9,0,,2.49,6,0,,cooldown_override_30d_zero_order_hard_stop,7d_zero_order clicks=6 spend=2.49,asin_or_manual_expansion_unverified,hat_cowboy_generic_intent_gap,do_not_reopen_without_fresh_market_and_exact_conversion_proof,210
sbKw,sbKeyword,473909573069144,HL2535,bid,0.48,0.38,cat scat,sbv kw 2_spikes mat_hl2535,,423590788469772,460446307285232,117,4,3.83,8,0,,0.42,1,0,,no_order_bid_down,30d_zero_order clicks=8 spend=3.83,sbv_or_sb_keyword_spend_not_closed,unclassified_low_efficiency_tail,reopen_only_after_recent_conversion_proof,211
kw,keyword,233463638331409,NO5155,pause,0.2,,gender reveal party supplies,kw_q2 profit no5155 broad_no5155,kw_q2 profit no5155 broad_no5155,114236038201288,199173718513368,277,4,3.8,19,0,,1.4,7,0,,residual_30d_zero_order_hard_stop,7d_zero_order clicks=7 spend=1.40,broad_kw_too_wide,unclassified_low_efficiency_tail,reopen_only_after_recent_conversion_proof,212
kw,keyword,24685024598323,YUT4462,pause,0.3,,birthday pool float,ai_kw broad_summer party supplies_yut4462,ai_kw broad_summer party supplies_yut4462,178927403834265,218001844694701,737,4,3.8,11,0,,3.15,9,0,,cooldown_override_30d_zero_order_hard_stop,7d_zero_order clicks=9 spend=3.15,broad_kw_too_wide,unclassified_low_efficiency_tail,reopen_only_after_recent_conversion_proof,213
sbKw,sbKeyword,27563813612594,KEJ1748,pause,0.43,,pegboard baskets and bins,sbv kw_pegboard baskets_kej1748,,266121276953677,461242585574561,765,4,3.78,10,0,,2.63,7,0,,residual_30d_zero_order_hard_stop,7d_zero_order clicks=7 spend=2.63,sbv_or_sb_keyword_spend_not_closed,pegboard_weak_demand_or_fit,do_not_reopen_without_fresh_market_and_exact_conversion_proof,214
kw,keyword,130967397319997,DN1655,pause,0.65,,flower buckets for flower bar,ai_kw phrase_flower bar supplies_dn1655,ai_kw phrase_flower bar supplies_dn1655,102419127363210,153223435864594,171,4,3.77,6,0,,3.77,6,0,,cooldown_override_30d_zero_order_hard_stop,7d_zero_order clicks=6 spend=3.77,phrase_kw_not_stopped_at_7_15d,unclassified_low_efficiency_tail,reopen_only_after_recent_conversion_proof,215
auto,autoTarget,389393927138761,HL4017,pause,0.21,,Complements,auto_spikes mat_hl4017,auto_spikes mat_hl4017,520006521528974,336910146282751,117,4,3.77,18,0,,2.73,13,0,,residual_30d_zero_order_hard_stop,7d_zero_order clicks=13 spend=2.73,auto_zero_order_not_closed,unclassified_low_efficiency_tail,reopen_only_after_recent_conversion_proof,216
sbKw,sbKeyword,144282780892327,YEO0766,pause,0.34,,foldable safari hat for men,sb kw_fishing sun hats_yeo0766 yeo1463 yeo1452,,135430556082686,503029059756410,876,4,3.77,11,0,,2.31,7,0,,cooldown_override_30d_zero_order_hard_stop,7d_zero_order clicks=7 spend=2.31,sbv_or_sb_keyword_spend_not_closed,hat_cowboy_generic_intent_gap,do_not_reopen_without_fresh_market_and_exact_conversion_proof,217
kw,keyword,380429803097057,NAY0239,bid,0.19,0.02,wedding gifts for guests,ballpoint pen-nay0239-system-keyword,ballpoint pen-nay0239-system-keyword,474103414446955,327903248169520,752,4,3.75,23,2,0.045742,1.83,10,0,,cooldown_override_7d_zero_order_heavy_cut,7d_zero_order clicks=10 spend=1.83,kw_zero_order_or_high_acos_not_stopped,wedding_broad_intent_competition_gap,do_not_reopen_without_fresh_market_and_exact_conversion_proof,218
kw,keyword,117919858746085,YUT3184,pause,1.35,,size 3 soccer balls,ai_kw exact_size3 soccer ball_yut3184,ai_kw exact_size3 soccer ball_yut3184,193222339888016,199003440027676,737,4,3.73,3,0,,3.73,3,0,,cooldown_override_30d_zero_order_hard_stop,7d_zero_order clicks=3 spend=3.73,kw_zero_order_or_high_acos_not_stopped,unclassified_low_efficiency_tail,reopen_only_after_recent_conversion_proof,219
auto,autoTarget,508264111055303,YCL1246,pause,0.08,,Complements,auto_crylic crystal picks _ycl1246,auto_crylic crystal picks _ycl1246,541153012219339,408678504033408,479,4,3.71,25,0,,0,0,0,,no_order_hard_stop,30d_zero_order clicks=25 spend=3.71,auto_zero_order_not_closed,unclassified_low_efficiency_tail,reopen_only_after_recent_conversion_proof,220
sbKw,sbKeyword,239412796805274,,pause,0.3,,block decorating kit baby shower,sb,,88016410758535,398273352562252,803,4,3.7,13,0,,3.12,11,0,,residual_30d_zero_order_hard_stop,7d_zero_order clicks=11 spend=3.12,sbv_or_sb_keyword_spend_not_closed,baby_shower_party_competition_fit_gap,do_not_reopen_without_fresh_market_and_exact_conversion_proof,221
auto,autoTarget,306020170652065,XIH2559,pause,0.2,,Loose-match,auto_christian bow_xih2559,auto_christian bow_xih2559,540510445026178,412988618522850,667,4,3.68,20,1,0.122707,2.4,12,0,,cooldown_override_15d_zero_order_hard_stop,7d_zero_order clicks=12 spend=2.40,auto_loose_or_substitutes_uncontrolled,unclassified_low_efficiency_tail,reopen_only_after_recent_conversion_proof,222
sbKw,sbKeyword,163549545727908,KEJ1748,bid,0.43,0.33,peg board baskets and bins,sbv kw_pegboard baskets_kej1748,,266121276953677,461242585574561,765,4,3.68,9,0,,1.97,5,0,,no_order_bid_down,15d_zero_order clicks=8 spend=3.17,sbv_or_sb_keyword_spend_not_closed,pegboard_weak_demand_or_fit,do_not_reopen_without_fresh_market_and_exact_conversion_proof,223
sbKw,sbKeyword,323329383211815,HL2535,bid,0.48,0.38,spikes to keep dogs off furniture,sbv kw_spikes mat_hl2535,,244346490371189,189936758975879,117,4,3.65,8,0,,0.99,2,0,,no_order_bid_down,30d_zero_order clicks=8 spend=3.65,sbv_or_sb_keyword_spend_not_closed,unclassified_low_efficiency_tail,reopen_only_after_recent_conversion_proof,224
auto,autoTarget,328771724505767,XIX1523,bid,0.36,0.26,Substitutes,auto 2_letterstencils_xix1523,auto 2_letterstencils_xix1523,332559568372097,353976442797059,772,4,3.6,9,0,,0,0,0,,no_order_bid_down,30d_zero_order clicks=9 spend=3.60,auto_loose_or_substitutes_uncontrolled,unclassified_low_efficiency_tail,reopen_only_after_recent_conversion_proof,225
manual,manualTarget,494108492177618,CL4199,bid,0.45,0.05,asinExpandedFrom=B07KY8VB4S,asin_taco piñata_cl4199,asin_taco piñata_cl4199,377409795397474,522968297351265,103,4,3.6,8,1,0.102886,2.25,5,0,,residual_7d_zero_order_heavy_cut,7d_zero_order clicks=5 spend=2.25,asin_or_manual_expansion_unverified,unclassified_low_efficiency_tail,reopen_only_after_recent_conversion_proof,226
manual,manualTarget,128075675918733,QA2074,pause,0.46,,asin=B072JK2WDH,ai_asin_same_wedding_fans_qa2074,ai_asin_same_wedding_fans_qa2074,216574392144173,103579470689199,388,4,3.6,8,0,,3.6,8,0,,cooldown_override_30d_zero_order_hard_stop,7d_zero_order clicks=8 spend=3.60,asin_or_manual_expansion_unverified,wedding_broad_intent_competition_gap,do_not_reopen_without_fresh_market_and_exact_conversion_proof,227
sbKw,sbKeyword,213363488365755,XIX2353,pause,0.3,,number stencils 3 inch,sbkw broad_letter stencils_xix2353,,54095962121074,551036711661677,772,4,3.6,13,0,,2.82,10,0,,residual_30d_zero_order_hard_stop,7d_zero_order clicks=10 spend=2.82,sbv_or_sb_keyword_spend_not_closed,unclassified_low_efficiency_tail,reopen_only_after_recent_conversion_proof,228
sbKw,sbKeyword,340786216501324,HL2535,bid,0.48,0.45,motion sensor cat deterrent,sbv kw_spikes mat_hl2535,,244346490371189,189936758975879,117,4,3.59,8,1,0.149645,1.52,3,0,,persistently_low_small_step,15d_zero_order clicks=6 spend=2.78,sbv_or_sb_keyword_spend_not_closed,unclassified_low_efficiency_tail,reopen_only_after_recent_conversion_proof,229
manual,manualTarget,268759499962290,MH1806,bid,0.22,0.02,asinExpandedFrom=B08DCV9QMV,ai_asin expanded_dessert cups_mh1806,ai_asin expanded_dessert cups_mh1806,209759278709085,166361073893692,187,4,3.58,17,1,0.170557,3.45,16,0,,cooldown_override_7d_zero_order_heavy_cut,7d_zero_order clicks=16 spend=3.45,asin_or_manual_expansion_unverified,unclassified_low_efficiency_tail,reopen_only_after_recent_conversion_proof,230
sbKw,sbKeyword,335595546015363,HL4004,bid,0.51,0.46,motion sensor spray for cats,sbv kw_spikes mat_hl4004,,503216486378656,410581452834584,117,4,3.57,7,0,,1.03,2,0,,no_order_bid_down,15d_zero_order clicks=6 spend=3.06,sbv_or_sb_keyword_spend_not_closed,unclassified_low_efficiency_tail,reopen_only_after_recent_conversion_proof,231
kw,keyword,216859262623303,YAN4858,pause,0.23,,baby shower games funny,kw broad_boy baby shower games_yan4858,kw broad_boy baby shower games_yan4858,262920330560350,255918721508692,423,4,3.55,16,0,,1.61,7,0,,residual_30d_zero_order_hard_stop,7d_zero_order clicks=7 spend=1.61,broad_kw_too_wide,baby_shower_party_competition_fit_gap,do_not_reopen_without_fresh_market_and_exact_conversion_proof,232
kw,keyword,484199350550414,QAA3142,pause,0.24,,employee recognition pin,kw_ crown brooch pins _qaa3142,kw_ crown brooch pins _qaa3142,529876226959922,296850854425537,604,4,3.54,15,0,,2.16,9,0,,cooldown_override_30d_zero_order_hard_stop,7d_zero_order clicks=9 spend=2.16,kw_zero_order_or_high_acos_not_stopped,unclassified_low_efficiency_tail,reopen_only_after_recent_conversion_proof,233
auto,autoTarget,355359558665732,GM2616,pause,0.3,,Loose-match,auto_q2 profit gm2616 auto_gm2616,auto_q2 profit gm2616 auto_gm2616,123313520268740,540595192298138,311,4,3.51,12,1,0.351351,2.1,7,0,,cooldown_override_15d_zero_order_hard_stop,7d_zero_order clicks=7 spend=2.10,auto_loose_or_substitutes_uncontrolled,unclassified_low_efficiency_tail,reopen_only_after_recent_conversion_proof,234
kw,keyword,141300364786173,SH0423,bid,0.35,0.2,hands free umbrella,kw broad_umbrella hat_sh0423,kw broad_umbrella hat_sh0423,106509577454404,81800054974338,49,4,3.5,10,0,,1.05,3,0,,no_order_bid_down,15d_zero_order clicks=9 spend=3.15,broad_kw_too_wide,hat_cowboy_generic_intent_gap,do_not_reopen_without_fresh_market_and_exact_conversion_proof,235
auto,autoTarget,555388328271076,SC3527,bid,0.17,0.02,Substitutes,auto_q2 profit sc3527 auto_sc3527,auto_q2 profit sc3527 auto_sc3527,38221200992281,355276286191580,113,4,3.5,19,0,,0.51,3,0,,no_order_bid_down,30d_zero_order clicks=19 spend=3.50,auto_loose_or_substitutes_uncontrolled,unclassified_low_efficiency_tail,reopen_only_after_recent_conversion_proof,236
manual,manualTarget,188182728812239,ZO0892,bid,0.35,0.2,asinExpandedFrom=B0GD7S2YN5,asin expanded_christian mothers day gifts_zo0892,asin expanded_christian mothers day gifts_zo0892,106421935440735,84649037803361,294,4,3.5,10,0,,1.75,5,0,,no_order_bid_down,15d_zero_order clicks=9 spend=3.15,asin_or_manual_expansion_unverified,unclassified_low_efficiency_tail,reopen_only_after_recent_conversion_proof,237
auto,autoTarget,325426548140098,LAY2384,pause,0.45,,Complements,ai_auto_patriotic bracelet_lay2384,ai_auto_patriotic bracelet_lay2384,152275805132889,400661071921024,514,4,3.48,9,0,,3.03,8,0,,cooldown_override_30d_zero_order_hard_stop,7d_zero_order clicks=8 spend=3.03,auto_zero_order_not_closed,unclassified_low_efficiency_tail,reopen_only_after_recent_conversion_proof,238
auto,autoTarget,561368057844262,NAY0239,pause,0.15,,Loose-match,auto_ballpointpen_nay0239,auto_normal,344598858286564,449497934839418,752,4,3.46,24,0,,1,7,0,,residual_30d_zero_order_hard_stop,7d_zero_order clicks=7 spend=1.00,auto_loose_or_substitutes_uncontrolled,unclassified_low_efficiency_tail,reopen_only_after_recent_conversion_proof,239
auto,autoTarget,518288453556107,BOY1281,pause,0.69,,Loose-match,auto_kids goggles for swimming_boy1281_3,auto_kids goggles for swimming_boy1281_3,73081192669518,418369415520009,84,4,3.45,5,0,,2.76,4,0,,residual_30d_zero_order_hard_stop,7d_zero_order clicks=4 spend=2.76,auto_loose_or_substitutes_uncontrolled,unclassified_low_efficiency_tail,reopen_only_after_recent_conversion_proof,240
kw,keyword,535874784688944,XIX0903,pause,0.32,,reusable letter stencils,kw2_letterstencils_xix0903,kw2_letterstencils_xix0903,294005090778737,292382270060986,772,4,3.44,11,0,,2.56,8,0,,residual_30d_zero_order_hard_stop,7d_zero_order clicks=8 spend=2.56,kw_zero_order_or_high_acos_not_stopped,unclassified_low_efficiency_tail,reopen_only_after_recent_conversion_proof,241
auto,autoTarget,393776429860427,MH1806,pause,0.16,,Complements,ai_auto_dessert cups_mh1806,ai_auto_dessert cups_mh1806,151961605119472,363233501716070,187,4,3.44,20,0,,1.59,10,0,,cooldown_override_30d_zero_order_hard_stop,7d_zero_order clicks=10 spend=1.59,auto_zero_order_not_closed,unclassified_low_efficiency_tail,reopen_only_after_recent_conversion_proof,242
manual,manualTarget,125635466217211,AE1101,pause,0.57,,asin=B0D9XQZXTH,ai_asin_coach tumbler gifts_ae1101,ai_asin_coach tumbler gifts_ae1101,160451091627294,174521556008043,195,4,3.44,7,0,,2.58,5,0,,cooldown_override_30d_zero_order_hard_stop,7d_zero_order clicks=5 spend=2.58,asin_or_manual_expansion_unverified,unclassified_low_efficiency_tail,reopen_only_after_recent_conversion_proof,243
kw,keyword,410540868170292,MED1032,pause,0.29,,stainless steel containers with lids,kw2_1/6 size hotel pan_med1032,kw2_1/6 size hotel pan_med1032,375720085548081,438957437140480,543,4,3.43,13,0,,2.27,8,0,,cooldown_override_30d_zero_order_hard_stop,7d_zero_order clicks=8 spend=2.27,kw_zero_order_or_high_acos_not_stopped,storage_food_container_broad_fit_gap,do_not_reopen_without_fresh_market_and_exact_conversion_proof,244
auto,autoTarget,453491602227049,DN2684,pause,0.35,,Loose-match,auto_flower buckets_dn2684,flower buckets-dn2684-system-a,509136147592805,527354836340419,171,4,3.43,12,0,,3.43,12,0,,residual_30d_zero_order_hard_stop,7d_zero_order clicks=12 spend=3.43,auto_loose_or_substitutes_uncontrolled,unclassified_low_efficiency_tail,reopen_only_after_recent_conversion_proof,245
sbKw,sbKeyword,385739313264414,XIX1523,pause,0.51,,6 stencils letters and numbers,sbvkw_letterstencils_xix1523,,516154391645004,493820005510406,772,4,3.43,7,0,,2.48,5,0,,residual_30d_zero_order_hard_stop,7d_zero_order clicks=5 spend=2.48,sbv_or_sb_keyword_spend_not_closed,unclassified_low_efficiency_tail,reopen_only_after_recent_conversion_proof,246
kw,keyword,366566849101815,KV4231,bid,0.31,0.16,get well basket for teen boy ankle fracture,kw_get well soon gifts _kv4231,kw_get well soon gifts _kv4231,442455693519059,325018138763727,357,4,3.41,11,0,,0,0,0,,no_order_bid_down,30d_zero_order clicks=11 spend=3.41,kw_zero_order_or_high_acos_not_stopped,unclassified_low_efficiency_tail,reopen_only_after_recent_conversion_proof,247
kw,keyword,198853861238271,SHQ3375,bid,0.24,0.09,cars baby shower decorations,kw_wooden cars to paint_shq3375,wooden cars to paint-shq3375-system-keyword,385540203435967,408062092082999,803,4,3.41,16,0,,0.72,3,0,,no_order_bid_down,15d_zero_order clicks=9 spend=2.16,kw_zero_order_or_high_acos_not_stopped,baby_shower_party_competition_fit_gap,do_not_reopen_without_fresh_market_and_exact_conversion_proof,248
kw,keyword,76926348293878,MF6294,bid,0.43,0.4,floating foam letters for pool,kw_ baby balloon_mf6294,kw_ baby balloon_mf6294,243281826226678,218658790085909,314,4,3.38,8,1,0.08897,0.43,1,0,,persistently_low_small_step,15d_zero_order clicks=6 spend=2.58,kw_zero_order_or_high_acos_not_stopped,unclassified_low_efficiency_tail,reopen_only_after_recent_conversion_proof,249
sbKw,sbKeyword,102093285316691,DUN1128,pause,0.35,,bakery display basket,sbvkw_baskets_dun1128,,75290483351021,455224521394646,639,4,3.38,8,0,,3,7,0,,residual_30d_zero_order_hard_stop,7d_zero_order clicks=7 spend=3.00,sbv_or_sb_keyword_spend_not_closed,unclassified_low_efficiency_tail,reopen_only_after_recent_conversion_proof,250
kw,keyword,103845198897117,GT4431,bid,0.24,0.09,funeral ribbon,ai_kw broad_mental health awareness month gifts_gt4431,ai_kw broad_mental health awareness month gifts_gt4431,225582328472388,231004267012573,167,4,3.35,14,0,,1.2,5,0,,no_order_bid_down,15d_zero_order clicks=14 spend=3.35,broad_kw_too_wide,funeral_memorial_ribbon_fit_misjudge,do_not_reopen_without_fresh_market_and_exact_conversion_proof,251
kw,keyword,341841770045854,BEU0541,pause,0.29,,retirement gifts for women,kw_retirement gifts for women_beu0541,2,539662558502304,399830437398436,507,4,3.33,12,0,,1.88,7,0,,residual_30d_zero_order_hard_stop,7d_zero_order clicks=7 spend=1.88,kw_zero_order_or_high_acos_not_stopped,unclassified_low_efficiency_tail,reopen_only_after_recent_conversion_proof,252
auto,autoTarget,287601507902387,IF1232,pause,0.21,,Complements,auto_peg board shelves_if1232,peg board shelves if1232-a place,549668492105664,286561107030824,400,4,3.33,23,0,,1.11,7,0,,cooldown_override_30d_zero_order_hard_stop,7d_zero_order clicks=7 spend=1.11,auto_zero_order_not_closed,pegboard_weak_demand_or_fit,do_not_reopen_without_fresh_market_and_exact_conversion_proof,253
manual,manualTarget,200575742480574,MH1806,pause,0.22,,asinExpandedFrom=B08DCRW96J,ai_asin expanded_dessert cups_mh1806,ai_asin expanded_dessert cups_mh1806,209759278709085,166361073893692,187,4,3.33,16,0,,2.99,14,0,,cooldown_override_30d_zero_order_hard_stop,7d_zero_order clicks=14 spend=2.99,asin_or_manual_expansion_unverified,unclassified_low_efficiency_tail,reopen_only_after_recent_conversion_proof,254
auto,autoTarget,435667767714733,LO3817,bid,0.48,0.43,Loose-match,auto_b2b_LO3817,auto_b2b_LO3817,202644478727499,560303832163488,210,4,3.32,7,0,,0.48,1,0,,no_order_bid_down,15d_zero_order clicks=7 spend=3.32,auto_loose_or_substitutes_uncontrolled,unclassified_low_efficiency_tail,reopen_only_after_recent_conversion_proof,255
auto,autoTarget,381947129527522,BOY1281,bid,0.64,0.55,Loose-match,auto_kids goggles for swimming_boy1281,auto_kids goggles for swimming_boy1281,148888473410932,463443097370292,84,4,3.31,5,0,,0.64,1,0,,no_order_bid_down,30d_zero_order clicks=5 spend=3.31,auto_loose_or_substitutes_uncontrolled,unclassified_low_efficiency_tail,reopen_only_after_recent_conversion_proof,256
sbKw,sbKeyword,2974207550763,HEL2829,bid,0.33,0.25,duck keychain bulk,sbvkw_cute crochet bear keychain _hel2829,,549373219878462,491588148129648,487,4,3.31,10,1,0.150522,2.36,7,0,,residual_7d_zero_order_heavy_cut,7d_zero_order clicks=7 spend=2.36,sbv_or_sb_keyword_spend_not_closed,unclassified_low_efficiency_tail,reopen_only_after_recent_conversion_proof,257
auto,autoTarget,495328911107693,WNE0355,bid,0.3,0.15,Complements,auto_woodland  animals_wne0355,auto_woodland  animals_wne0355,358691894051155,411202869145514,722,4,3.3,11,0,,1.2,4,0,,no_order_bid_down,30d_zero_order clicks=11 spend=3.30,auto_zero_order_not_closed,unclassified_low_efficiency_tail,reopen_only_after_recent_conversion_proof,258
manual,manualTarget,4070072525578,CL3650,pause,0.33,,asinExpandedFrom=B0CDCQY3TR,asin_red chili_cl3650,asin_red chili_cl3650,403621486991520,429074842571707,103,4,3.3,10,0,,2.31,7,0,,residual_30d_zero_order_hard_stop,7d_zero_order clicks=7 spend=2.31,asin_or_manual_expansion_unverified,unclassified_low_efficiency_tail,reopen_only_after_recent_conversion_proof,259
kw,keyword,166098893826667,COT2347,bid,0.34,0.19,church crafts,kw broad_bible crafts_COT2347,kw broad_bible crafts_COT2347,226408705875883,277613214777667,720,4,3.28,10,0,,1.7,5,0,,no_order_bid_down,30d_zero_order clicks=10 spend=3.28,broad_kw_too_wide,unclassified_low_efficiency_tail,reopen_only_after_recent_conversion_proof,260
auto,autoTarget,506435747317925,QAA4200,bid,0.17,0.02,Close-match,auto_q2 profit qaa4200 auto_qaa4200,auto_q2 profit qaa4200 auto_qaa4200,11822662463627,543531579168306,604,4,3.28,17,0,,0.34,2,0,,no_order_bid_down,30d_zero_order clicks=17 spend=3.28,auto_zero_order_not_closed,unclassified_low_efficiency_tail,reopen_only_after_recent_conversion_proof,261
manual,manualTarget,150617720834746,OC1858,bid,0.35,0.2,asinExpandedFrom=B0GQ3B978D,asin _photocard_oc1858,asin _photocard_oc1858,557251131287154,484095254767288,256,4,3.28,10,0,,1.72,5,0,,no_order_bid_down,30d_zero_order clicks=10 spend=3.28,asin_or_manual_expansion_unverified,unclassified_low_efficiency_tail,reopen_only_after_recent_conversion_proof,262
kw,keyword,366460205294501,IF1427,bid,0.2,0.17,shelves for peg board,kw_acrylic shelves_if1427,acrylic shelves if1427-kw,539896948835451,395135507956486,400,4,3.27,19,1,0.109036,0.4,2,0,,persistently_low_small_step,15d_zero_order clicks=15 spend=2.76,kw_zero_order_or_high_acos_not_stopped,pegboard_weak_demand_or_fit,do_not_reopen_without_fresh_market_and_exact_conversion_proof,263
auto,autoTarget,318347618295467,KV4231,pause,0.18,,Substitutes,auto_get well soon gifts _kv4231,auto_get well soon gifts _kv4231,322687716841466,509465126069596,357,4,3.27,18,3,0.064155,1.52,7,0,,cooldown_override_15d_zero_order_hard_stop,7d_zero_order clicks=7 spend=1.52,auto_loose_or_substitutes_uncontrolled,unclassified_low_efficiency_tail,reopen_only_after_recent_conversion_proof,264
kw,keyword,243186316049480,GT3801,pause,0.5,,ribbons for funeral,ai_kw phrase_purple funeral ribbons_gt3801,ai_kw phrase_purple funeral ribbons_gt3801,135704626817711,36420482907072,167,4,3.25,7,0,,3.25,7,0,,cooldown_override_30d_zero_order_hard_stop,7d_zero_order clicks=7 spend=3.25,phrase_kw_not_stopped_at_7_15d,funeral_memorial_ribbon_fit_misjudge,do_not_reopen_without_fresh_market_and_exact_conversion_proof,265
kw,keyword,378447567326597,SAN1213,bid,0.27,0.12,adult cowboy hat,kw_cowboyhat_san1213,kw_cowboyhat_san1213,341849241439909,290542207924147,528,4,3.24,12,0,,0.81,3,0,,no_order_bid_down,15d_zero_order clicks=10 spend=2.70,kw_zero_order_or_high_acos_not_stopped,hat_cowboy_generic_intent_gap,do_not_reopen_without_fresh_market_and_exact_conversion_proof,266
manual,manualTarget,417599117555646,UAN3644,bid,0.36,0.26,asinExpandedFrom=B0CZ3RBNJZ,asin_mininb_ uan3644,asin_mininb_ uan3644,364184685871220,463200290100843,515,4,3.24,9,0,,1.08,3,0,,no_order_bid_down,15d_zero_order clicks=9 spend=3.24,asin_or_manual_expansion_unverified,unclassified_low_efficiency_tail,reopen_only_after_recent_conversion_proof,267
kw,keyword,205666963399099,ZHW0104,bid,0.23,0.08,graveyard decorations,kw_q2 profit zhw0104 broad_zhw0104,kw_q2 profit zhw0104 broad_zhw0104,201585303813324,58136666007618,565,4,3.22,14,0,,1.38,6,0,,no_order_bid_down,15d_zero_order clicks=14 spend=3.22,broad_kw_too_wide,unclassified_low_efficiency_tail,reopen_only_after_recent_conversion_proof,268
auto,autoTarget,451483228333987,SHN1038,pause,0.2,,Complements,auto_q2 profit shn1038 auto_shn1038,auto_q2 profit shn1038 auto_shn1038,53328778144184,477316301433913,534,4,3.22,17,0,,1.46,8,0,,residual_30d_zero_order_hard_stop,7d_zero_order clicks=8 spend=1.46,auto_zero_order_not_closed,unclassified_low_efficiency_tail,reopen_only_after_recent_conversion_proof,269
kw,keyword,239951921364559,XIX2011,bid,0.41,0.31,stencil letters,kw broad_letter stencils_xix2011,kw broad_letter stencils_xix2011,69854206788541,206509717439411,772,4,3.21,8,0,,1.23,3,0,,no_order_bid_down,30d_zero_order clicks=8 spend=3.21,broad_kw_too_wide,unclassified_low_efficiency_tail,reopen_only_after_recent_conversion_proof,270
sbKw,sbKeyword,166019748861517,YEO0766,bid,0.43,0.33,men fishing hats bulk,sb kw_fishing sun hats_yeo0766 yeo1463 yeo1452,,135430556082686,503029059756410,876,4,3.21,8,0,,1.76,4,0,,no_order_bid_down,15d_zero_order clicks=7 spend=2.81,sbv_or_sb_keyword_spend_not_closed,hat_cowboy_generic_intent_gap,do_not_reopen_without_fresh_market_and_exact_conversion_proof,271
sbKw,sbKeyword,516362244657698,HL4004,bid,0.41,0.31,cat mats with spikes,sbv kw_spikes mat_hl4004,,503216486378656,410581452834584,117,4,3.21,8,0,,1.66,4,0,,no_order_bid_down,15d_zero_order clicks=7 spend=2.86,sbv_or_sb_keyword_spend_not_closed,unclassified_low_efficiency_tail,reopen_only_after_recent_conversion_proof,272
auto,autoTarget,522889425268196,MED1033,pause,0.39,,Complements,ai_auto_coverage_med1033,ai_auto_coverage_med1033,109803372450337,416018616429049,543,4,3.2,9,0,,3.2,9,0,,residual_30d_zero_order_hard_stop,7d_zero_order clicks=9 spend=3.20,auto_zero_order_not_closed,unclassified_low_efficiency_tail,reopen_only_after_recent_conversion_proof,273
sbKw,sbKeyword,437996239665066,DN1655,bid,0.38,0.28,12 galvanized flower bucket,sbv kw_galvanized flower bucket_dn1655,,352172386118311,302175967290275,171,4,3.2,8,0,,1.28,3,0,,no_order_bid_down,30d_zero_order clicks=8 spend=3.20,sbv_or_sb_keyword_spend_not_closed,unclassified_low_efficiency_tail,reopen_only_after_recent_conversion_proof,274
kw,keyword,64416956048798,TUR5292,bid,0.42,0.32,scripture cards,ai_kw exact_prayer scripture cards_tur5292,ai_kw exact_prayer scripture cards_tur5292,161797528518591,160443626878439,856,4,3.19,9,0,,1.51,5,0,,no_order_bid_down,15d_zero_order clicks=9 spend=3.19,kw_zero_order_or_high_acos_not_stopped,unclassified_low_efficiency_tail,reopen_only_after_recent_conversion_proof,275
kw,keyword,116147661783226,MF6294,bid,0.4,0.3,baby inflatable letters,kw_ baby balloon_mf6294,kw_ baby balloon_mf6294,243281826226678,218658790085909,314,4,3.19,8,0,,1.19,3,0,,no_order_bid_down,30d_zero_order clicks=8 spend=3.19,kw_zero_order_or_high_acos_not_stopped,unclassified_low_efficiency_tail,reopen_only_after_recent_conversion_proof,276
kw,keyword,24302057094965,KEJ1748,bid,0.67,0.6,wall storage basket,kw broad_wall mount wire basket_KEJ1748_b2b,kw broad_wall mount wire basket_KEJ1748_b2b,46344900459222,264191688554137,765,4,3.17,5,0,,0,0,0,,no_order_bid_down,30d_zero_order clicks=5 spend=3.17,broad_kw_too_wide,pegboard_weak_demand_or_fit,do_not_reopen_without_fresh_market_and_exact_conversion_proof,277
auto,autoTarget,348126139562085,LEM5778,bid,0.13,0.11,Loose-match,auto_b0gbxvh5z8_lem5778,auto_b0gbxvh5z8_lem5778,241427471937940,459275457597676,853,4,3.17,15,0,,0,0,0,,volatile_3d_degrade,30d_zero_order clicks=15 spend=3.17,auto_loose_or_substitutes_uncontrolled,unclassified_low_efficiency_tail,reopen_only_after_recent_conversion_proof,278
kw,keyword,299878436167753,DUN1391,bid,0.48,0.43,restaurant food storage containers with lids,kw_commercial food storage_dun1391,kw_commercial food storage_dun1391,321623498823752,320630977561404,639,4,3.15,7,0,,1.71,4,0,,no_order_bid_down,30d_zero_order clicks=7 spend=3.15,kw_zero_order_or_high_acos_not_stopped,storage_food_container_broad_fit_gap,do_not_reopen_without_fresh_market_and_exact_conversion_proof,279
kw,keyword,277934398061671,SH0423,bid,0.35,0.25,umbrella hats for women,kw broad_umbrella hat_sh0423,kw broad_umbrella hat_sh0423,106509577454404,81800054974338,49,4,3.15,9,0,,1.4,4,0,,no_order_bid_down,30d_zero_order clicks=9 spend=3.15,broad_kw_too_wide,hat_cowboy_generic_intent_gap,do_not_reopen_without_fresh_market_and_exact_conversion_proof,280
sbKw,sbKeyword,15924445457675,YUT2847,pause,0.66,,kids soccer balls,sb _soccer balls bulk_yut2847 yut2840 yut2844,,21598962397311,536685428761558,737,4,3.14,6,0,,2.04,4,0,,residual_30d_zero_order_hard_stop,7d_zero_order clicks=4 spend=2.04,sbv_or_sb_keyword_spend_not_closed,unclassified_low_efficiency_tail,reopen_only_after_recent_conversion_proof,281
kw,keyword,226748425516087,LRU1537,bid,0.3,0.15,bear themed baby shower decorations,kw board_bear paper plates napkins_lru1537,kw board_bear paper plates napkins_lru1537,193009564424757,74278419866318,518,4,3.12,11,0,,0.6,2,0,,no_order_bid_down,30d_zero_order clicks=11 spend=3.12,kw_zero_order_or_high_acos_not_stopped,baby_shower_party_competition_fit_gap,do_not_reopen_without_fresh_market_and_exact_conversion_proof,282
kw,keyword,560370491229674,YY4568,bid,0.78,0.7,clear food storage containers,kw phrase_steam table pan_yy4568,kw phrase_steam table pan_yy4568,167259287975779,516478737869480,95,4,3.09,4,0,,0,0,0,,persistently_low_small_step,30d_zero_order clicks=4 spend=3.09,phrase_kw_not_stopped_at_7_15d,storage_food_container_broad_fit_gap,do_not_reopen_without_fresh_market_and_exact_conversion_proof,283
sbKw,sbKeyword,116674422924774,SHQ2216,pause,0.37,,guess baby name shower game,sb kw_wooden cars to paint_shq2216 shq3375 shq3834,,113085735722491,489007118028587,803,4,3.09,8,0,,3.09,8,0,,cooldown_override_30d_zero_order_hard_stop,7d_zero_order clicks=8 spend=3.09,sbv_or_sb_keyword_spend_not_closed,unclassified_low_efficiency_tail,reopen_only_after_recent_conversion_proof,284
kw,keyword,168512798424270,MF6328,pause,0.4,,inflatable pool float,kw broad_pool floats_mf6328,kw broad_pool floats_mf6328,25287830145641,158850663455662,314,4,3.08,7,0,,2.35,5,0,,cooldown_override_30d_zero_order_hard_stop,7d_zero_order clicks=5 spend=2.35,broad_kw_too_wide,unclassified_low_efficiency_tail,reopen_only_after_recent_conversion_proof,285
kw,keyword,228308606321167,YUT4458,pause,0.22,,giant number pool float,ai_kw broad_summer party supplies_yut4458,ai_kw broad_summer party supplies_yut4458,173702230856772,166316729808323,737,4,3.08,11,0,,2.8,10,0,,cooldown_override_30d_zero_order_hard_stop,7d_zero_order clicks=10 spend=2.80,broad_kw_too_wide,unclassified_low_efficiency_tail,reopen_only_after_recent_conversion_proof,286
auto,autoTarget,284730966827784,BOY3355,pause,0.22,,Complements,ai_auto_coverage_boy3355,ai_auto_coverage_boy3355,24484439866038,426541791682498,84,4,3.08,15,0,,2.74,13,0,,cooldown_override_30d_zero_order_hard_stop,7d_zero_order clicks=13 spend=2.74,auto_zero_order_not_closed,unclassified_low_efficiency_tail,reopen_only_after_recent_conversion_proof,287
auto,autoTarget,412056644838926,EY0793,bid,0.35,0.25,Complements,ai_auto_ful full loop_ey0793,ai_auto_ful full loop_ey0793,50423253765165,459513222181734,295,4,3.07,8,0,,0,0,0,,no_order_bid_down,30d_zero_order clicks=8 spend=3.07,auto_zero_order_not_closed,unclassified_low_efficiency_tail,reopen_only_after_recent_conversion_proof,288
manual,manualTarget,381677437838863,DUN1150,pause,0.25,,category=Bread & Serving Baskets,asin_baskets_dun1150,bread basket with lid-dun1150-categ,435083823858923,511850122754167,639,4,3.06,11,0,,1.86,7,0,,cooldown_override_30d_zero_order_hard_stop,7d_zero_order clicks=7 spend=1.86,asin_or_manual_expansion_unverified,unclassified_low_efficiency_tail,reopen_only_after_recent_conversion_proof,289
kw,keyword,51371689604721,QA1157,bid,0.24,0.09,mini colored pencils party favors,kw_mini colored pencils_qa1157,kw_mini colored pencils_qa1157,316399681920495,375727077500229,388,4,3.02,13,0,,1.44,6,0,,no_order_bid_down,15d_zero_order clicks=8 spend=1.92,kw_zero_order_or_high_acos_not_stopped,unclassified_low_efficiency_tail,reopen_only_after_recent_conversion_proof,290
manual,manualTarget,104903875137872,LEM5778,pause,0.3,,asinExpandedFrom=B0BYH6FC8P,asin expanded_reward pencils_lem5778,asin expanded_reward pencils_lem5778,278165386479198,68105023890325,853,4,3,10,0,,2.4,8,0,,residual_30d_zero_order_hard_stop,7d_zero_order clicks=8 spend=2.40,asin_or_manual_expansion_unverified,unclassified_low_efficiency_tail,reopen_only_after_recent_conversion_proof,291
kw,keyword,279715496706721,SH0422,bid,0.35,0.2,umbrella hats for women,kTN kw broad_umbrella hat_sh0422,kw broad_umbrella hat_sh0422,138816326152029,207374961594715,49,4,2.95,10,0,,0.5,2,0,,no_order_bid_down,30d_zero_order clicks=10 spend=2.95,broad_kw_too_wide,hat_cowboy_generic_intent_gap,do_not_reopen_without_fresh_market_and_exact_conversion_proof,292
sbKw,sbKeyword,122963411275723,KEJ0561,bid,0.3,0.25,wall mount wire basket,sbvkw_pegboardorganizer_kej0561,,31162966242041,358314997456605,765,4,2.95,10,0,,1.13,4,0,,no_order_bid_down,30d_zero_order clicks=10 spend=2.95,sbv_or_sb_keyword_spend_not_closed,pegboard_weak_demand_or_fit,do_not_reopen_without_fresh_market_and_exact_conversion_proof,293
manual,manualTarget,312302937290164,UAN2600,bid,0.14,0.02,asinExpandedFrom=B0C81PBS2B,asin_expand_inspirational_journal_uan2600,asin_expand_inspirational_journal_uan2600,37148295535639,356909578201550,515,4,2.94,26,6,0.042645,0.98,7,0,,cooldown_override_7d_zero_order_heavy_cut,7d_zero_order clicks=7 spend=0.98,asin_or_manual_expansion_unverified,unclassified_low_efficiency_tail,reopen_only_after_recent_conversion_proof,294
sbKw,sbKeyword,40584275247314,KEJ1748,pause,0.43,,pegboard baskets and shelves,sbv kw_pegboard baskets_kej1748,,266121276953677,461242585574561,765,4,2.92,8,0,,2.27,6,0,,residual_30d_zero_order_hard_stop,7d_zero_order clicks=6 spend=2.27,sbv_or_sb_keyword_spend_not_closed,pegboard_weak_demand_or_fit,do_not_reopen_without_fresh_market_and_exact_conversion_proof,295
sbKw,sbKeyword,24077639168219,KEJ0561,bid,0.3,0.25,wall storage basket,sbvkw_pegboardorganizer_kej0561,,31162966242041,358314997456605,765,4,2.9,10,0,,0.61,2,0,,no_order_bid_down,30d_zero_order clicks=10 spend=2.90,sbv_or_sb_keyword_spend_not_closed,pegboard_weak_demand_or_fit,do_not_reopen_without_fresh_market_and_exact_conversion_proof,296
kw,keyword,488669255584932,SIJ2011,bid,0.8,0.08,brining container,kw_food storage box tote_sij2011,kw_food storage box tote_sij2011,460675192998817,457929568058348,607,4,2.88,3,0,,2.88,3,0,,residual_30d_zero_order_heavy_cut,7d_zero_order clicks=3 spend=2.88,kw_zero_order_or_high_acos_not_stopped,storage_food_container_broad_fit_gap,do_not_reopen_without_fresh_market_and_exact_conversion_proof,297
auto,autoTarget,532207887068857,SH0423,bid,0.32,0.22,Complements,auto_umbrella hat_sh0423,auto_umbrella hat_sh0423,269947216888897,372507789351512,49,4,2.88,9,0,,1.6,5,0,,no_order_bid_down,15d_zero_order clicks=9 spend=2.88,auto_zero_order_not_closed,hat_cowboy_generic_intent_gap,do_not_reopen_without_fresh_market_and_exact_conversion_proof,298
kw,keyword,136456713904394,YAN4858,pause,0.22,,babyshower games,broad_bridal_party_gifts_yan4858,broad_bridal_party_gifts_yan4858,86249803932014,130519513748321,423,4,2.86,14,0,,1.76,9,0,,residual_30d_zero_order_hard_stop,7d_zero_order clicks=9 spend=1.76,broad_kw_too_wide,baby_shower_party_competition_fit_gap,do_not_reopen_without_fresh_market_and_exact_conversion_proof,299
sbKw,sbKeyword,371107030555202,GRA4861,bid,0.33,0.25,guess the dress game,white acrylic pens-gra4861-sbv-s-new,,398634697897265,301603762190983,497,4,2.85,8,0,,0,0,0,,no_order_bid_down,30d_zero_order clicks=8 spend=2.85,sbv_or_sb_keyword_spend_not_closed,unclassified_low_efficiency_tail,reopen_only_after_recent_conversion_proof,300
kw,keyword,508915222129918,EY2727,bid,0.26,0.11,pool party hats for women,kw_straw sun hats for women_ey2727,kw_straw sun hats for women_ey2727,469229426382386,345385054316301,295,4,2.84,11,0,,0.52,2,0,,no_order_bid_down,30d_zero_order clicks=11 spend=2.84,kw_zero_order_or_high_acos_not_stopped,hat_cowboy_generic_intent_gap,do_not_reopen_without_fresh_market_and_exact_conversion_proof,301
kw,keyword,435791277413867,DUN1391,bid,0.48,0.43,6 qt storage containers with lids,kw_commercial food storage_dun1391,kw_commercial food storage_dun1391,321623498823752,320630977561404,639,4,2.84,6,0,,0.48,1,0,,no_order_bid_down,30d_zero_order clicks=6 spend=2.84,kw_zero_order_or_high_acos_not_stopped,storage_food_container_broad_fit_gap,do_not_reopen_without_fresh_market_and_exact_conversion_proof,302
auto,autoTarget,535059380140737,YH3708,pause,0.08,,Substitutes,auto_teacher pencil holder_yh3708,auto_teacher pencil holder_yh3708,537492451473942,363788450372237,52,4,2.84,23,0,,0,0,0,,no_order_hard_stop,30d_zero_order clicks=23 spend=2.84,auto_loose_or_substitutes_uncontrolled,unclassified_low_efficiency_tail,reopen_only_after_recent_conversion_proof,303
auto,autoTarget,412985828296233,XIX2011,bid,0.4,0.3,Loose-match,auto_letter stencils_xix2011,auto_letter stencils_xix2011,99944746536435,396875647477368,772,4,2.83,8,0,,0.4,1,0,,no_order_bid_down,30d_zero_order clicks=8 spend=2.83,auto_loose_or_substitutes_uncontrolled,unclassified_low_efficiency_tail,reopen_only_after_recent_conversion_proof,304
auto,autoTarget,375469512785224,EY5555,bid,0.22,0.07,Substitutes,auto_q2 profit ey5555 auto_ey5555,auto_q2 profit ey5555 auto_ey5555,90905719662027,558703182511672,295,4,2.82,12,0,,0,0,0,,no_order_bid_down,30d_zero_order clicks=12 spend=2.82,auto_loose_or_substitutes_uncontrolled,unclassified_low_efficiency_tail,reopen_only_after_recent_conversion_proof,305
kw,keyword,173331954893879,MF6328,bid,0.34,0.03,pool floats,ai_kw broad_summer product season_mf6328,ai_kw broad_summer product season_mf6328,253512707292113,138220961246074,314,4,2.8,7,0,,2.8,7,0,,cooldown_override_30d_zero_order_heavy_cut,7d_zero_order clicks=7 spend=2.80,broad_kw_too_wide,unclassified_low_efficiency_tail,reopen_only_after_recent_conversion_proof,306
kw,keyword,292956566223545,IF1427,bid,0.24,0.21,peg board shelves,kw_acrylic shelves_if1427,acrylic shelves if1427-kw,539896948835451,395135507956486,400,4,2.78,13,1,0.092697,0.48,2,0,,persistently_low_small_step,15d_zero_order clicks=8 spend=1.68,kw_zero_order_or_high_acos_not_stopped,pegboard_weak_demand_or_fit,do_not_reopen_without_fresh_market_and_exact_conversion_proof,307
auto,autoTarget,490653545921700,QAA4200,bid,0.2,0.05,Loose-match,auto_q2 profit qaa4200 auto_qaa4200,auto_q2 profit qaa4200 auto_qaa4200,11822662463627,543531579168306,604,4,2.78,14,0,,0.98,5,0,,no_order_bid_down,15d_zero_order clicks=13 spend=2.58,auto_loose_or_substitutes_uncontrolled,unclassified_low_efficiency_tail,reopen_only_after_recent_conversion_proof,308
sbKw,sbKeyword,182965756895018,LE8173,bid,0.4,0.35,social worker gift set,sbv kw broad_social worker_le8173,,19711896623409,376006503540319,398,4,2.77,5,0,,0,0,0,,no_order_bid_down,30d_zero_order clicks=5 spend=2.77,sbv_or_sb_keyword_spend_not_closed,unclassified_low_efficiency_tail,reopen_only_after_recent_conversion_proof,309
kw,keyword,494489624460416,KV3640,bid,0.62,0.06,stuffed animals for girls with broken arm,kw_walkingstickbear_kv3640,kw_normal,294111359277275,379255345865366,357,4,2.76,4,0,,2.76,4,0,,cooldown_override_30d_zero_order_heavy_cut,7d_zero_order clicks=4 spend=2.76,kw_zero_order_or_high_acos_not_stopped,unclassified_low_efficiency_tail,reopen_only_after_recent_conversion_proof,310
sbKw,sbKeyword,529241026689527,HL2535,bid,0.5,0.45,cat spike sheets,sbv kw 2_spikes mat_hl2535,,423590788469772,301601828288181,117,4,2.76,7,0,,1.2,3,0,,no_order_bid_down,30d_zero_order clicks=7 spend=2.76,sbv_or_sb_keyword_spend_not_closed,unclassified_low_efficiency_tail,reopen_only_after_recent_conversion_proof,311
kw,keyword,48947332097867,MH2711,bid,0.4,0.35,bulk nurse gifts,kw broad_nurse ornaments_mh2711,kw broad_nurse ornaments_mh2711,145654887787227,261541418920261,187,4,2.74,7,0,,1.54,4,0,,no_order_bid_down,30d_zero_order clicks=7 spend=2.74,broad_kw_too_wide,unclassified_low_efficiency_tail,reopen_only_after_recent_conversion_proof,312
auto,autoTarget,460247095963642,KEN1043,bid,0.18,0.03,Complements,auto_40thbirthdaybags_ken1043,auto_normal,355494122953639,401562664913901,631,4,2.74,16,0,,0.94,6,0,,no_order_bid_down,15d_zero_order clicks=12 spend=2.02,auto_zero_order_not_closed,unclassified_low_efficiency_tail,reopen_only_after_recent_conversion_proof,313
kw,keyword,160063486292183,CLO0343,bid,0.54,0.49,rotating necklace holder,kw_ rotating bracelet display _clo0343,kw_ rotating bracelet display _clo0343,477612946564522,292084133310352,624,4,2.72,5,0,,0,0,0,,volatile_3d_degrade,30d_zero_order clicks=5 spend=2.72,kw_zero_order_or_high_acos_not_stopped,unclassified_low_efficiency_tail,reopen_only_after_recent_conversion_proof,314
auto,autoTarget,331165775182325,LIC8799,pause,0.25,,Complements,auto2_letters patches_lic8799,auto2_letters patches_lic8799,324989183455801,529827628762187,839,4,2.72,12,0,,1.69,7,0,,residual_30d_zero_order_hard_stop,7d_zero_order clicks=7 spend=1.69,auto_zero_order_not_closed,unclassified_low_efficiency_tail,reopen_only_after_recent_conversion_proof,315
sbKw,sbKeyword,196717776473882,BOY1281,bid,0.77,0.25,kid goggles,sbvkw_swim goggles for kids_boy1281,,148176718522898,461375199801433,84,4,2.72,3,0,,2.72,3,0,,residual_30d_zero_order_heavy_cut,7d_zero_order clicks=3 spend=2.72,sbv_or_sb_keyword_spend_not_closed,unclassified_low_efficiency_tail,reopen_only_after_recent_conversion_proof,316
auto,autoTarget,350525151202480,HEL0319,bid,0.3,0.2,Close-match,b2b auto_nurse appreciation gifts bulk_hel0319,b2b auto_nurse appreciation gifts bulk_hel0319,82127207095547,481548527386177,487,4,2.7,9,0,,0.6,2,0,,no_order_bid_down,30d_zero_order clicks=9 spend=2.70,auto_zero_order_not_closed,unclassified_low_efficiency_tail,reopen_only_after_recent_conversion_proof,317
auto,autoTarget,327718387088795,YEO1451,bid,0.3,0.2,Close-match,auto_boonie hats_yeo1451,auto_boonie hats_yeo1451,16635174994135,447679774161340,876,4,2.7,9,0,,0.9,3,0,,no_order_bid_down,30d_zero_order clicks=9 spend=2.70,auto_zero_order_not_closed,hat_cowboy_generic_intent_gap,do_not_reopen_without_fresh_market_and_exact_conversion_proof,318
sbKw,sbKeyword,475760807437610,LE8156,bid,0.45,0.4,social work month,sb kw broad_social worker_le8156 le8173 le8168,,222900325634337,555391790259172,398,4,2.7,7,0,,0.34,1,0,,no_order_bid_down,30d_zero_order clicks=7 spend=2.70,sbv_or_sb_keyword_spend_not_closed,unclassified_low_efficiency_tail,reopen_only_after_recent_conversion_proof,319
auto,autoTarget,460265265179364,AE3519,bid,0.75,0.08,Substitutes,auto_amazon business_ae3519,auto_amazon business_ae3519,125814092009671,349208630462096,195,4,2.69,4,0,,2.1,3,0,,cooldown_override_30d_zero_order_heavy_cut,7d_zero_order clicks=3 spend=2.10,auto_loose_or_substitutes_uncontrolled,unclassified_low_efficiency_tail,reopen_only_after_recent_conversion_proof,320
kw,keyword,150303405340497,KEJ1748,bid,0.67,0.6,hanging wire basket,kw broad_wall mount wire basket_KEJ1748_b2b,kw broad_wall mount wire basket_KEJ1748_b2b,46344900459222,264191688554137,765,4,2.68,4,0,,0.67,1,0,,persistently_low_small_step,30d_zero_order clicks=4 spend=2.68,broad_kw_too_wide,pegboard_weak_demand_or_fit,do_not_reopen_without_fresh_market_and_exact_conversion_proof,321
sbKw,sbKeyword,119752622600021,KZ6722,bid,0.21,0.06,prohibition party decorations,sb kw_vip party_kz6722 kz6074 kz5816,,46012006236710,388788488952804,15,4,2.68,10,0,,0.54,2,0,,no_order_bid_down,30d_zero_order clicks=10 spend=2.68,sbv_or_sb_keyword_spend_not_closed,unclassified_low_efficiency_tail,reopen_only_after_recent_conversion_proof,322
kw,keyword,400224273023089,YY4568,bid,0.78,0.7,salad bar for fridge,kw phrase_steam table pan_yy4568,kw phrase_steam table pan_yy4568,167259287975779,516478737869480,95,4,2.67,4,0,,0.36,1,0,,persistently_low_small_step,30d_zero_order clicks=4 spend=2.67,phrase_kw_not_stopped_at_7_15d,storage_food_container_broad_fit_gap,do_not_reopen_without_fresh_market_and_exact_conversion_proof,323
sbKw,sbKeyword,75381424120174,LE5044,bid,0.4,0.35,guidance counselor thank you gifts,sbvkw_school counselor _le5044,,327706785396391,404048239888716,398,4,2.66,6,0,,1.84,4,0,,no_order_bid_down,30d_zero_order clicks=6 spend=2.66,sbv_or_sb_keyword_spend_not_closed,school_counselor_scattered_intent,do_not_reopen_without_fresh_market_and_exact_conversion_proof,324
auto,autoTarget,326852750263188,LUO1051,bid,0.53,0.05,Loose-match,b2b auto_LUO1051,b2b auto_LUO1012,84041289396741,450268190281821,700,4,2.65,5,0,,2.12,4,0,,residual_30d_zero_order_heavy_cut,7d_zero_order clicks=4 spend=2.12,auto_loose_or_substitutes_uncontrolled,unclassified_low_efficiency_tail,reopen_only_after_recent_conversion_proof,325
kw,keyword,259904733186696,SC3420,bid,0.33,0.3,cardinal lapel pins,kw_30redbirdmemory_sc3420,kw_core,428072125021660,487511060416564,113,4,2.64,8,0,,0,0,0,,volatile_3d_degrade,30d_zero_order clicks=8 spend=2.64,kw_zero_order_or_high_acos_not_stopped,unclassified_low_efficiency_tail,reopen_only_after_recent_conversion_proof,326
auto,autoTarget,298056873587084,TUR8821,pause,0.35,,Close-match,ai_auto_arrival recovery_tur8821,ai_auto_arrival recovery_tur8821,66942555686969,451340603880161,856,4,2.63,8,0,,2.28,7,0,,cooldown_override_30d_zero_order_hard_stop,7d_zero_order clicks=7 spend=2.28,auto_zero_order_not_closed,unclassified_low_efficiency_tail,reopen_only_after_recent_conversion_proof,327
kw,keyword,90419229467576,YMF1073,bid,0.2,0.05,baby in bloom baby shower favors,kw_q2 profit ymf1073 broad_ymf1073,kw_q2 profit ymf1073 broad_ymf1073,224508911950971,204108557155678,734,4,2.6,13,0,,0.6,3,0,,no_order_bid_down,30d_zero_order clicks=13 spend=2.60,broad_kw_too_wide,baby_shower_party_competition_fit_gap,do_not_reopen_without_fresh_market_and_exact_conversion_proof,328
auto,autoTarget,325764341231265,DN2683,pause,0.3,,Close-match,flower buckets-dn2683-system-a,flower buckets-dn2683-system-a,347641831429030,511001834658213,171,4,2.6,10,0,,2.6,10,0,,residual_30d_zero_order_hard_stop,7d_zero_order clicks=10 spend=2.60,auto_zero_order_not_closed,unclassified_low_efficiency_tail,reopen_only_after_recent_conversion_proof,329
manual,manualTarget,473947318479167,LED3343,pause,0.2,,asinExpandedFrom=B0DRY5Q2R1,asin_book lovers gift_led3343,asin_book lovers gift_led3343,371649140583725,495626988252118,705,4,2.6,13,0,,1.4,7,0,,residual_30d_zero_order_hard_stop,7d_zero_order clicks=7 spend=1.40,asin_or_manual_expansion_unverified,unclassified_low_efficiency_tail,reopen_only_after_recent_conversion_proof,330
sbKw,sbKeyword,379571416611887,HL2535,bid,0.48,0.43,counter spikes for cat,sbv kw_spikes mat_hl2535,,244346490371189,189936758975879,117,4,2.59,7,0,,0.44,1,0,,no_order_bid_down,30d_zero_order clicks=7 spend=2.59,sbv_or_sb_keyword_spend_not_closed,unclassified_low_efficiency_tail,reopen_only_after_recent_conversion_proof,331
kw,keyword,368766097351350,QA0828,bid,0.43,0.38,[rip 20s birthday decorations],death to my 20s decorations qa0828-system,death to my 20s decorations qa0828-system,26614113357784,94262893195993,388,4,2.58,6,0,,0.86,2,0,,no_order_bid_down,30d_zero_order clicks=6 spend=2.58,kw_zero_order_or_high_acos_not_stopped,unclassified_low_efficiency_tail,reopen_only_after_recent_conversion_proof,332
sbKw,sbKeyword,198883030593409,CLO0341,bid,0.29,0.25,bracelet display stand,sbvkw_rotating bracelet display stand_clo0341,,49025439558147,434136304947467,624,4,2.58,9,0,,0.58,2,0,,no_order_bid_down,30d_zero_order clicks=9 spend=2.58,sbv_or_sb_keyword_spend_not_closed,unclassified_low_efficiency_tail,reopen_only_after_recent_conversion_proof,333
kw,keyword,284739995107612,KEJ0561,bid,0.37,0.32,pegboard baskets,kw_pegboardorganizer_kej0561,kw_core,542668312520116,512266089495256,765,4,2.57,7,0,,0.74,2,0,,no_order_bid_down,30d_zero_order clicks=7 spend=2.57,kw_zero_order_or_high_acos_not_stopped,pegboard_weak_demand_or_fit,do_not_reopen_without_fresh_market_and_exact_conversion_proof,334
kw,keyword,376272310584765,LUO1051,bid,0.52,0.05,bottle chug baby shower game,kw_bottle chug_luo1051,kw_bottle chug_luo1051,543971281550329,555118352461242,700,4,2.57,5,0,,2.05,4,0,,residual_30d_zero_order_heavy_cut,7d_zero_order clicks=4 spend=2.05,kw_zero_order_or_high_acos_not_stopped,baby_shower_party_competition_fit_gap,do_not_reopen_without_fresh_market_and_exact_conversion_proof,335
sbKw,sbKeyword,414604506169457,DN1655,bid,0.35,0.3,galvanized flower bucket,sbv kw_galvanized flower bucket_dn1655,,352172386118311,302175967290275,171,4,2.55,6,0,,0.74,2,0,,no_order_bid_down,30d_zero_order clicks=6 spend=2.55,sbv_or_sb_keyword_spend_not_closed,unclassified_low_efficiency_tail,reopen_only_after_recent_conversion_proof,336
auto,autoTarget,455243500357122,HAI4870,bid,0.18,0.03,Loose-match,auto_q2 profit hai4870 auto_hai4870,auto_q2 profit hai4870 auto_hai4870,82240580937146,501407904055111,496,4,2.53,13,0,,0.36,2,0,,no_order_bid_down,30d_zero_order clicks=13 spend=2.53,auto_loose_or_substitutes_uncontrolled,unclassified_low_efficiency_tail,reopen_only_after_recent_conversion_proof,337
sbKw,sbKeyword,96104163448161,GM2627,bid,0.36,0.31,jesus jewelry for women,sbv kw broad_women empowerment gifts_gm2627,,9515777105873,473142747867509,311,4,2.51,7,0,,0.34,1,0,,no_order_bid_down,30d_zero_order clicks=7 spend=2.51,sbv_or_sb_keyword_spend_not_closed,unclassified_low_efficiency_tail,reopen_only_after_recent_conversion_proof,338
kw,keyword,242771704581626,GT3801,bid,0.5,0.05,funeral ribbon,ai_kw phrase_purple funeral ribbons_gt3801,ai_kw phrase_purple funeral ribbons_gt3801,135704626817711,36420482907072,167,4,2.5,5,0,,2.5,5,0,,cooldown_override_30d_zero_order_heavy_cut,7d_zero_order clicks=5 spend=2.50,phrase_kw_not_stopped_at_7_15d,funeral_memorial_ribbon_fit_misjudge,do_not_reopen_without_fresh_market_and_exact_conversion_proof,339
manual,manualTarget,80093454865100,OC1858,bid,0.35,0.25,asinExpandedFrom=B0GF21X7NB,asin _photocard_oc1858,asin _photocard_oc1858,557251131287154,484095254767288,256,4,2.5,8,0,,0.35,1,0,,no_order_bid_down,15d_zero_order clicks=8 spend=2.50,asin_or_manual_expansion_unverified,unclassified_low_efficiency_tail,reopen_only_after_recent_conversion_proof,340
sbKw,sbKeyword,225717539839524,XIX0903,bid,0.39,0.25,letter stencils 3 inch,sbv_letterstencils_xix0903,,471599180932062,449330019033297,772,4,2.5,7,0,,2.15,6,0,,residual_30d_zero_order_heavy_cut,7d_zero_order clicks=6 spend=2.15,sbv_or_sb_keyword_spend_not_closed,unclassified_low_efficiency_tail,reopen_only_after_recent_conversion_proof,341
auto,autoTarget,540623359358031,DUN1128,bid,0.34,0.24,Close-match,auto_baskets_dun1128,auto_baskets_dun1128,333956661293943,396084966057187,639,4,2.49,8,0,,0.54,2,0,,no_order_bid_down,30d_zero_order clicks=8 spend=2.49,auto_zero_order_not_closed,unclassified_low_efficiency_tail,reopen_only_after_recent_conversion_proof,342
auto,autoTarget,328016591488039,DUI3806,bid,0.16,0.02,Loose-match,auto_wood cutting boards_dui3806,auto_wood cutting boards_dui3806,532083346932798,531664856310847,689,4,2.48,14,0,,0,0,0,,no_order_bid_down,30d_zero_order clicks=14 spend=2.48,auto_loose_or_substitutes_uncontrolled,unclassified_low_efficiency_tail,reopen_only_after_recent_conversion_proof,343
auto,autoTarget,426997468532891,KA1589,bid,0.23,0.08,Close-match,auto_artificial foam rose flowers_ka1589,auto_artificial foam rose flowers_ka1589,387268597597781,433366754292225,135,4,2.47,13,0,,0,0,0,,no_order_bid_down,30d_zero_order clicks=13 spend=2.47,auto_zero_order_not_closed,unclassified_low_efficiency_tail,reopen_only_after_recent_conversion_proof,344
kw,keyword,149592349581675,LRU1537,bid,0.3,0.2,beary first birthday decorations,kw board_bear paper plates napkins_lru1537,kw board_bear paper plates napkins_lru1537,193009564424757,74278419866318,518,4,2.4,8,0,,0.3,1,0,,no_order_bid_down,30d_zero_order clicks=8 spend=2.40,kw_zero_order_or_high_acos_not_stopped,baby_shower_party_competition_fit_gap,do_not_reopen_without_fresh_market_and_exact_conversion_proof,345
auto,autoTarget,404989220011700,CL3563,pause,0.3,,Substitutes,auto_pinata_cl3563,auto_normal,477392145856285,323265073595860,103,4,2.4,8,0,,2.4,8,0,,residual_30d_zero_order_hard_stop,7d_zero_order clicks=8 spend=2.40,auto_loose_or_substitutes_uncontrolled,unclassified_low_efficiency_tail,reopen_only_after_recent_conversion_proof,346
manual,manualTarget,5059545985357,YH2554,bid,0.3,0.2,asinExpandedFrom=B0F5B5HBJF,asin expanded_teacher appreciation gifts 4 pack_yh2554,asin expanded_teacher appreciation gifts 4 pack_yh2554,139867107374032,220754047186681,52,4,2.4,8,0,,0,0,0,,no_order_bid_down,30d_zero_order clicks=8 spend=2.40,asin_or_manual_expansion_unverified,unclassified_low_efficiency_tail,reopen_only_after_recent_conversion_proof,347
kw,keyword,171215695785910,LRU1537,bid,0.3,0.2,beary first birthday,kw board_bear paper plates napkins_lru1537,kw board_bear paper plates napkins_lru1537,193009564424757,74278419866318,518,4,2.39,8,0,,0.9,3,0,,no_order_bid_down,30d_zero_order clicks=8 spend=2.39,kw_zero_order_or_high_acos_not_stopped,baby_shower_party_competition_fit_gap,do_not_reopen_without_fresh_market_and_exact_conversion_proof,348
kw,keyword,333652529331001,XIA1681,bid,0.15,0.13,elephant figurine,kw exact_luck charm elephant_xia1681,kw exact_luck charm elephant_xia1681,53386901225433,456098882127767,426,4,2.35,16,1,0.167977,0.59,4,0,,persistently_low_small_step,15d_zero_order clicks=9 spend=1.30,kw_zero_order_or_high_acos_not_stopped,unclassified_low_efficiency_tail,reopen_only_after_recent_conversion_proof,349
auto,autoTarget,465125058255788,DAY2984,pause,0.14,,Loose-match,auto_vet tech appreciation gifts_day2984,auto_vet tech appreciation gifts_day2984,344065653100421,452679774389367,429,4,2.35,20,2,0.117617,1.09,9,0,,cooldown_override_15d_zero_order_hard_stop,7d_zero_order clicks=9 spend=1.09,auto_loose_or_substitutes_uncontrolled,unclassified_low_efficiency_tail,reopen_only_after_recent_conversion_proof,350
sbKw,sbKeyword,400350386048511,XIX1523,bid,0.33,0.25,stencils,sbvkw_letterstencils_xix1523,,516154391645004,493820005510406,772,4,2.35,8,0,,0.46,2,0,,no_order_bid_down,30d_zero_order clicks=8 spend=2.35,sbv_or_sb_keyword_spend_not_closed,unclassified_low_efficiency_tail,reopen_only_after_recent_conversion_proof,351
sbKw,sbKeyword,174082752145367,,bid,0.3,0.2,blocks for baby shower to decorate,sb,,88016410758535,398273352562252,803,4,2.32,8,0,,1.17,4,0,,no_order_bid_down,30d_zero_order clicks=8 spend=2.32,sbv_or_sb_keyword_spend_not_closed,baby_shower_party_competition_fit_gap,do_not_reopen_without_fresh_market_and_exact_conversion_proof,352
kw,keyword,145571962320102,YAN4858,pause,0.23,,fun baby shower games,kw broad_boy baby shower games_yan4858,kw broad_boy baby shower games_yan4858,262920330560350,255918721508692,423,4,2.3,10,0,,2.07,9,0,,residual_30d_zero_order_hard_stop,7d_zero_order clicks=9 spend=2.07,broad_kw_too_wide,baby_shower_party_competition_fit_gap,do_not_reopen_without_fresh_market_and_exact_conversion_proof,353
kw,keyword,200774783613890,KY1342,bid,0.23,0.08,picture rose,rose wall painting ky1342-system,rose wall painting ky1342-system,99073626585537,163194665747870,196,4,2.3,10,0,,0.46,2,0,,no_order_bid_down,30d_zero_order clicks=10 spend=2.30,kw_zero_order_or_high_acos_not_stopped,unclassified_low_efficiency_tail,reopen_only_after_recent_conversion_proof,354
kw,keyword,34721921342297,KY1342,bid,0.23,0.08,red & black bathroom decor,rose wall painting ky1342-system,rose wall painting ky1342-system,99073626585537,163194665747870,196,4,2.3,10,0,,0.69,3,0,,no_order_bid_down,30d_zero_order clicks=10 spend=2.30,kw_zero_order_or_high_acos_not_stopped,unclassified_low_efficiency_tail,reopen_only_after_recent_conversion_proof,355
auto,autoTarget,512159980844262,HL4017,pause,0.21,,Close-match,auto_spikes mat_hl4017,auto_spikes mat_hl4017,520006521528974,336910146282751,117,4,2.3,11,0,,1.46,7,0,,residual_30d_zero_order_hard_stop,7d_zero_order clicks=7 spend=1.46,auto_zero_order_not_closed,unclassified_low_efficiency_tail,reopen_only_after_recent_conversion_proof,356
kw,keyword,500685891186089,BIO0027,pause,0.26,,32 oz deli containers with lids,kw_deli containers with lids_bio0027,kw_deli containers with lids_bio0027,551928504524650,458867356826468,615,4,2.29,9,0,,2.07,8,0,,cooldown_override_30d_zero_order_hard_stop,7d_zero_order clicks=8 spend=2.07,kw_zero_order_or_high_acos_not_stopped,storage_food_container_broad_fit_gap,do_not_reopen_without_fresh_market_and_exact_conversion_proof,357
auto,autoTarget,390141394589664,HAY0218,bid,0.23,0.13,Close-match,auto_cruise ship ducks_hay0218,auto_cruise ship ducks_hay0218,541079863156031,551510501740858,546,4,2.29,9,0,,0.23,1,0,,no_order_bid_down,30d_zero_order clicks=9 spend=2.29,auto_zero_order_not_closed,unclassified_low_efficiency_tail,reopen_only_after_recent_conversion_proof,358
kw,keyword,556349215793188,KV3640,bid,0.51,0.05,gifts for kids with a broken arm,kw_walkingstickbear_kv3640,kw_normal,294111359277275,379255345865366,357,4,2.28,4,0,,2.28,4,0,,cooldown_override_7d_zero_order_heavy_cut,7d_zero_order clicks=4 spend=2.28,kw_zero_order_or_high_acos_not_stopped,unclassified_low_efficiency_tail,reopen_only_after_recent_conversion_proof,359
manual,manualTarget,134277972399543,SSU4939,bid,1.14,0.11,asinExpandedFrom=B0D73MRZV9,asin expanded_clear garment bag_ssu4939,asin expanded_clear garment bag_ssu4939,231002375068536,276173648502296,432,4,2.28,2,0,,2.28,2,0,,cooldown_override_7d_zero_order_heavy_cut,7d_zero_order clicks=2 spend=2.28,asin_or_manual_expansion_unverified,unclassified_low_efficiency_tail,reopen_only_after_recent_conversion_proof,360
sbKw,sbKeyword,17681598801805,XUE2224,bid,0.27,0.25,hanging wire basket,sbv kw_hanging metal basket_xue2224,,116547456288944,526550375743828,707,4,2.25,8,0,,0.63,2,0,,no_order_bid_down,30d_zero_order clicks=8 spend=2.25,sbv_or_sb_keyword_spend_not_closed,unclassified_low_efficiency_tail,reopen_only_after_recent_conversion_proof,361
sbKw,sbKeyword,138148115559678,STY6101,pause,0.3,,flower centerpieces for tables,sbv kw broad_boho baby shower decor_sty6101,,199171655647244,462073236435555,867,4,2.23,8,0,,2.23,8,0,,cooldown_override_30d_zero_order_hard_stop,7d_zero_order clicks=8 spend=2.23,sbv_or_sb_keyword_spend_not_closed,baby_shower_party_competition_fit_gap,do_not_reopen_without_fresh_market_and_exact_conversion_proof,362
manual,manualTarget,553829944970031,GM2628,bid,0.25,0.15,asinExpandedFrom=B0CMQDV645,asin_ christian necklace gifts_gm2628,asin_ christian necklace gifts_gm2628,329225581339708,500885213153139,311,4,2.15,9,0,,0.5,2,0,,no_order_bid_down,30d_zero_order clicks=9 spend=2.15,asin_or_manual_expansion_unverified,unclassified_low_efficiency_tail,reopen_only_after_recent_conversion_proof,363
auto,autoTarget,413354605580541,BOY3171,pause,0.22,,Loose-match,auto_babyshowerbags_boy3171,auto_babyshowerbags_boy3171,381500637594920,375534091581271,84,4,2.12,14,2,0.056412,1.34,7,0,,cooldown_override_15d_zero_order_hard_stop,7d_zero_order clicks=7 spend=1.34,auto_loose_or_substitutes_uncontrolled,unclassified_low_efficiency_tail,reopen_only_after_recent_conversion_proof,364
auto,autoTarget,425996595805267,YAN2278,pause,0.1,,Complements,auto_baby shower games boy_yan2278,auto_baby shower games boy_yan2278,268439054249692,462820465028833,423,4,2.1,21,0,,0.7,7,0,,residual_30d_zero_order_hard_stop,7d_zero_order clicks=7 spend=0.70,auto_zero_order_not_closed,baby_shower_party_competition_fit_gap,do_not_reopen_without_fresh_market_and_exact_conversion_proof,365
manual,manualTarget,81413108600199,LRU1537,bid,0.3,0.2,asinExpandedFrom=B0CM2XSSLC,asin_bear paper plates napkins_lru1537,asin_bear paper plates napkins_lru1537,259292567490993,50423870750656,518,4,2.1,8,0,,0,0,0,,no_order_bid_down,30d_zero_order clicks=8 spend=2.10,asin_or_manual_expansion_unverified,baby_shower_party_competition_fit_gap,do_not_reopen_without_fresh_market_and_exact_conversion_proof,366
kw,keyword,513744244663937,EY2727,bid,0.26,0.16,girls trip beach hats,kw_straw sun hats for women_ey2727,kw_straw sun hats for women_ey2727,469229426382386,345385054316301,295,4,2.08,8,0,,0.78,3,0,,no_order_bid_down,30d_zero_order clicks=8 spend=2.08,kw_zero_order_or_high_acos_not_stopped,hat_cowboy_generic_intent_gap,do_not_reopen_without_fresh_market_and_exact_conversion_proof,367
auto,autoTarget,516385101055873,LAY2384,pause,0.29,,Substitutes,auto2_american flag bracelets_lay2384,auto2_american flag bracelets_lay2384,413109459685356,526490182292680,514,4,2.07,8,0,,1.92,7,0,,cooldown_override_30d_zero_order_hard_stop,7d_zero_order clicks=7 spend=1.92,auto_loose_or_substitutes_uncontrolled,unclassified_low_efficiency_tail,reopen_only_after_recent_conversion_proof,368
auto,autoTarget,63518416072904,SH0424,bid,0.26,0.16,Loose-match,umbrella hat sh0424-a,umbrella hat sh0424-a,89239274927936,257854713012618,49,4,2.06,8,0,,0.52,2,0,,no_order_bid_down,15d_zero_order clicks=8 spend=2.06,auto_loose_or_substitutes_uncontrolled,hat_cowboy_generic_intent_gap,do_not_reopen_without_fresh_market_and_exact_conversion_proof,369
sbKw,sbKeyword,271946019407558,STY6101,bid,0.3,0.25,bear centerpieces,sbv kw broad_boho baby shower decor_sty6101,,199171655647244,462073236435555,867,4,2.02,7,0,,2.02,7,0,,cooldown_override_30d_zero_order_heavy_cut,7d_zero_order clicks=7 spend=2.02,sbv_or_sb_keyword_spend_not_closed,baby_shower_party_competition_fit_gap,do_not_reopen_without_fresh_market_and_exact_conversion_proof,370
manual,manualTarget,402678236219675,LUO0914,bid,0.45,0.05,asin=B0FCS8JZHF,asin_bottle chug baby shower_luo0914,asin_bottle chug baby shower_luo0914,335705820080530,316214288326796,700,4,2.01,3,0,,2.01,3,0,,cooldown_override_7d_zero_order_heavy_cut,7d_zero_order clicks=3 spend=2.01,asin_or_manual_expansion_unverified,baby_shower_party_competition_fit_gap,do_not_reopen_without_fresh_market_and_exact_conversion_proof,371
kw,keyword,211608307163385,RU2411,bid,0.4,0.04,dental office decor,ai_kw phrase_dental office decor_ru2411,ai_kw phrase_dental office decor_ru2411,84693254688211,267049333846584,286,4,2,5,0,,2,5,0,,cooldown_override_30d_zero_order_heavy_cut,7d_zero_order clicks=5 spend=2.00,phrase_kw_not_stopped_at_7_15d,unclassified_low_efficiency_tail,reopen_only_after_recent_conversion_proof,372
auto,autoTarget,294808918875785,HOS0946,bid,0.19,0.09,Close-match,auto_q2 profit hos0946 auto_hos0946,auto_q2 profit hos0946 auto_hos0946,113812876774054,535620944654740,835,4,1.98,9,0,,0,0,0,,no_order_bid_down,30d_zero_order clicks=9 spend=1.98,auto_zero_order_not_closed,unclassified_low_efficiency_tail,reopen_only_after_recent_conversion_proof,373
auto,autoTarget,352873836599142,SHQ2216,bid,0.17,0.02,Loose-match,auto2_wooddiycars_shq2216,auto2_wooddiycars_shq2216,510179403043501,522361825288143,803,4,1.97,12,0,,0.37,3,0,,no_order_bid_down,30d_zero_order clicks=12 spend=1.97,auto_loose_or_substitutes_uncontrolled,unclassified_low_efficiency_tail,reopen_only_after_recent_conversion_proof,374
auto,autoTarget,335787057393294,AE2139,pause,0.13,,Loose-match,auto ud_1q clearstorage_ae2139,storage containers with lid ae2139-a ud,538422873667636,349143082672831,195,4,1.97,11,0,,1.29,7,0,,residual_30d_zero_order_hard_stop,7d_zero_order clicks=7 spend=1.29,auto_loose_or_substitutes_uncontrolled,storage_food_container_broad_fit_gap,do_not_reopen_without_fresh_market_and_exact_conversion_proof,375
auto,autoTarget,380150461105378,NO5155,pause,0.15,,Close-match,auto_q2 profit no5155 auto_no5155,auto_q2 profit no5155 auto_no5155,253095158358940,307526235654135,277,4,1.92,13,0,,0.15,1,0,,no_order_hard_stop,30d_zero_order clicks=13 spend=1.92,auto_zero_order_not_closed,unclassified_low_efficiency_tail,reopen_only_after_recent_conversion_proof,376
auto,autoTarget,395337836117912,DAY2990,bid,0.17,0.02,Loose-match,auto_q2 profit day2990 auto_day2990,auto_q2 profit day2990 auto_day2990,198355039697238,305956255644336,429,4,1.91,10,0,,0.34,2,0,,no_order_bid_down,30d_zero_order clicks=10 spend=1.91,auto_loose_or_substitutes_uncontrolled,unclassified_low_efficiency_tail,reopen_only_after_recent_conversion_proof,377
auto,autoTarget,559425734887716,SEV0979,bid,0.07,0.02,Loose-match,auto_bee baby shower_sev0979,auto_bee baby shower_sev0979,316668875152566,473682564378164,445,4,1.91,33,4,0.023304,0.48,7,0,,cooldown_override_7d_zero_order_heavy_cut,7d_zero_order clicks=7 spend=0.48,auto_loose_or_substitutes_uncontrolled,baby_shower_party_competition_fit_gap,do_not_reopen_without_fresh_market_and_exact_conversion_proof,378
auto,autoTarget,380916259686885,SAN0383,bid,0.24,0.14,Substitutes,auto_cowhat&band_san0383,auto_normal,476330109242192,390523590523609,528,4,1.91,8,0,,0,0,0,,no_order_bid_down,30d_zero_order clicks=8 spend=1.91,auto_loose_or_substitutes_uncontrolled,hat_cowboy_generic_intent_gap,do_not_reopen_without_fresh_market_and_exact_conversion_proof,379
auto,autoTarget,413996890089030,WE3925,bid,0.2,0.05,Complements,auto_q2 profit we3925 auto_we3925,auto_q2 profit we3925 auto_we3925,58430562237759,302680085201311,287,4,1.9,11,0,,0.85,5,0,,no_order_bid_down,15d_zero_order clicks=11 spend=1.90,auto_zero_order_not_closed,unclassified_low_efficiency_tail,reopen_only_after_recent_conversion_proof,380
kw,keyword,208858636328560,SHQ3375,bid,0.24,0.14,paintable cars for babyshower,kw_wooden cars to paint_shq3375,wooden cars to paint-shq3375-system-keyword,385540203435967,408062092082999,803,4,1.89,9,0,,0.24,1,0,,no_order_bid_down,30d_zero_order clicks=9 spend=1.89,kw_zero_order_or_high_acos_not_stopped,unclassified_low_efficiency_tail,reopen_only_after_recent_conversion_proof,381
auto,autoTarget,291918533910405,RT3172,pause,0.2,,Complements,auto_ baby shower banner_rt3172,auto_ baby shower banner_rt3172,469601602986814,346973344139489,168,4,1.89,10,0,,1.29,7,0,,residual_30d_zero_order_hard_stop,7d_zero_order clicks=7 spend=1.29,auto_zero_order_not_closed,baby_shower_party_competition_fit_gap,do_not_reopen_without_fresh_market_and_exact_conversion_proof,382
sbKw,sbKeyword,440358590329064,SAN0383,bid,0.29,0.19,cowboy party hats,sb kw_cowhat&band_san0383 san0113 san0384,,349174959480081,322688305331136,528,4,1.88,8,0,,0.45,2,0,,no_order_bid_down,30d_zero_order clicks=8 spend=1.88,sbv_or_sb_keyword_spend_not_closed,hat_cowboy_generic_intent_gap,do_not_reopen_without_fresh_market_and_exact_conversion_proof,383
auto,autoTarget,306092627818204,LEM5778,pause,0.15,,Substitutes,auto_b0gbxvh5z8_lem5778,auto_b0gbxvh5z8_lem5778,241427471937940,459275457597676,853,4,1.83,13,0,,1.11,8,0,,residual_30d_zero_order_hard_stop,7d_zero_order clicks=8 spend=1.11,auto_loose_or_substitutes_uncontrolled,unclassified_low_efficiency_tail,reopen_only_after_recent_conversion_proof,384
auto,autoTarget,465576661510834,HEL0606,pause,0.09,,Substitutes,auto_turtle keychain_hel0606,auto_turtle keychain_hel0606,390138790713339,417977828320658,487,4,1.83,19,0,,0.09,1,0,,no_order_hard_stop,30d_zero_order clicks=19 spend=1.83,auto_loose_or_substitutes_uncontrolled,unclassified_low_efficiency_tail,reopen_only_after_recent_conversion_proof,385
auto,autoTarget,338659923032225,GRA5177,bid,0.2,0.1,Loose-match,auto_q2 profit gra5177 auto_gra5177,auto_q2 profit gra5177 auto_gra5177,254797360486578,288242491268176,497,4,1.76,9,0,,0.6,3,0,,no_order_bid_down,30d_zero_order clicks=9 spend=1.76,auto_loose_or_substitutes_uncontrolled,unclassified_low_efficiency_tail,reopen_only_after_recent_conversion_proof,386
sbKw,sbKeyword,544411345170135,SAN0383,bid,0.22,0.12,cowboy hats,sb kw_cowhat&band_san0383 san0113 san0384,,349174959480081,322688305331136,528,4,1.72,9,0,,0.88,5,0,,no_order_bid_down,15d_zero_order clicks=8 spend=1.54,sbv_or_sb_keyword_spend_not_closed,hat_cowboy_generic_intent_gap,do_not_reopen_without_fresh_market_and_exact_conversion_proof,387
manual,manualTarget,428114555127504,SE7586,bid,0.21,0.11,asinExpandedFrom=B0BMVFR7GH,asin_bear clothes basic tee_se7586,asin_bear clothes basic tee_se7586,539613216906548,484761952853500,150,4,1.68,8,0,,1.05,5,0,,no_order_bid_down,30d_zero_order clicks=8 spend=1.68,asin_or_manual_expansion_unverified,unclassified_low_efficiency_tail,reopen_only_after_recent_conversion_proof,388
auto,autoTarget,366520793067982,NO5155,bid,0.16,0.02,Substitutes,auto_q2 profit no5155 auto_no5155,auto_q2 profit no5155 auto_no5155,253095158358940,307526235654135,277,4,1.6,10,0,,0.64,4,0,,no_order_bid_down,30d_zero_order clicks=10 spend=1.60,auto_loose_or_substitutes_uncontrolled,unclassified_low_efficiency_tail,reopen_only_after_recent_conversion_proof,389
auto,autoTarget,332814256214910,UAN2600,bid,0.1,0.08,Loose-match,auto_journals in bulk_uan2600,auto_journals in bulk_uan2600,453571228298432,458417310723375,515,4,1.55,16,1,0.129274,0.45,5,0,,persistently_low_small_step,15d_zero_order clicks=8 spend=0.75,auto_loose_or_substitutes_uncontrolled,unclassified_low_efficiency_tail,reopen_only_after_recent_conversion_proof,390
auto,autoTarget,399927308965828,SEV0979,bid,0.04,0.02,Substitutes,auto_bee baby shower_sev0979,auto_bee baby shower_sev0979,316668875152566,473682564378164,445,4,1.52,33,2,0.036207,0.2,5,0,,persistently_low_small_step,15d_zero_order clicks=8 spend=0.32,auto_loose_or_substitutes_uncontrolled,baby_shower_party_competition_fit_gap,do_not_reopen_without_fresh_market_and_exact_conversion_proof,391
sbKw,sbKeyword,58430499784881,CLO0344,bid,0.2,0.1,jewelry stand organizer,sbkw_rotating bracelet display stand_clo0344 clo0341 clo0343,,200659595040115,298572935069155,624,4,1.51,9,0,,0.69,4,0,,no_order_bid_down,30d_zero_order clicks=9 spend=1.51,sbv_or_sb_keyword_spend_not_closed,unclassified_low_efficiency_tail,reopen_only_after_recent_conversion_proof,392
auto,autoTarget,457712692672203,UAN2600,pause,0.12,,Substitutes,auto_journals in bulk_uan2600,auto_journals in bulk_uan2600,453571228298432,458417310723375,515,4,1.42,12,0,,0.36,3,0,,no_order_hard_stop,30d_zero_order clicks=12 spend=1.42,auto_loose_or_substitutes_uncontrolled,unclassified_low_efficiency_tail,reopen_only_after_recent_conversion_proof,393
kw,keyword,430820099763510,YYW2630,bid,0.11,0.09,baby shower teddy bear,baby shower teddy bear-yyw2630-system-keyword,baby shower teddy bear-yyw2630-system-keyword,555893581245186,398412201564415,693,4,1.4,14,1,0.027456,0.22,2,0,,persistently_low_small_step,15d_zero_order clicks=8 spend=0.82,kw_zero_order_or_high_acos_not_stopped,baby_shower_party_competition_fit_gap,do_not_reopen_without_fresh_market_and_exact_conversion_proof,394
auto,autoTarget,405473638449816,SHQ3375,pause,0.22,,Close-match,auto_wooden cars to paint_shq3375,wooden cars to paint-shq3375-system-a,302585800497225,402912756264781,803,4,1.4,8,0,,1.4,8,0,,cooldown_override_30d_zero_order_hard_stop,7d_zero_order clicks=8 spend=1.40,auto_zero_order_not_closed,unclassified_low_efficiency_tail,reopen_only_after_recent_conversion_proof,395
auto,autoTarget,471854907814313,JUU1053,pause,0.16,,Substitutes,auto_cakesicle stand_juu1053,auto_cakesicle stand_juu1053,12169774350073,420088382255533,567,4,1.4,9,0,,1.08,7,0,,residual_30d_zero_order_hard_stop,7d_zero_order clicks=7 spend=1.08,auto_loose_or_substitutes_uncontrolled,unclassified_low_efficiency_tail,reopen_only_after_recent_conversion_proof,396
auto,autoTarget,508926717319525,TIN2239,bid,0.2,0.1,Substitutes,auto_duck tags_tin2239,auto_duck tags_tin2239,357277512004999,294811635536100,510,4,1.4,8,0,,0.4,2,0,,no_order_bid_down,30d_zero_order clicks=8 spend=1.40,auto_loose_or_substitutes_uncontrolled,unclassified_low_efficiency_tail,reopen_only_after_recent_conversion_proof,397
auto,autoTarget,320546582023600,KA1589,bid,0.17,0.07,Substitutes,auto_artificial foam rose flowers_ka1589,auto_artificial foam rose flowers_ka1589,387268597597781,433366754292225,135,4,1.36,8,0,,0.34,2,0,,no_order_bid_down,30d_zero_order clicks=8 spend=1.36,auto_loose_or_substitutes_uncontrolled,unclassified_low_efficiency_tail,reopen_only_after_recent_conversion_proof,398
auto,autoTarget,521696217021463,YAN2061,pause,0.07,,Complements,auto_dirty diaper baby shower_yan2061,auto_dirty diaper baby shower_yan2061,464355787049013,405131071271942,423,4,1.33,19,0,,1.19,17,0,,residual_30d_zero_order_hard_stop,7d_zero_order clicks=17 spend=1.19,auto_zero_order_not_closed,baby_shower_party_competition_fit_gap,do_not_reopen_without_fresh_market_and_exact_conversion_proof,399
sbKw,sbKeyword,446941232636372,TIN2239,pause,0.18,,cruise ship ducks pack,cruise duck tags tin2239-sb2,,534377427541883,371445822194682,510,4,1.33,8,0,,1.33,8,0,,cooldown_override_30d_zero_order_hard_stop,7d_zero_order clicks=8 spend=1.33,sbv_or_sb_keyword_spend_not_closed,unclassified_low_efficiency_tail,reopen_only_after_recent_conversion_proof,400
auto,autoTarget,442842832337101,COO1855,bid,0.2,0.02,Complements,auto_q2 profit coo1855 auto_coo1855,auto_q2 profit coo1855 auto_coo1855,159436999766996,517052690402814,652,4,1.32,7,0,,1.32,7,0,,residual_30d_zero_order_heavy_cut,7d_zero_order clicks=7 spend=1.32,auto_zero_order_not_closed,unclassified_low_efficiency_tail,reopen_only_after_recent_conversion_proof,401
kw,keyword,354077190880415,XIA1681,pause,0.11,,elephant gift,kw phrase_luck charm elephant_xia1681,kw phrase_luck charm elephant_xia1681,112545975738851,298874718302637,426,4,1.28,12,0,,1.09,10,0,,cooldown_override_30d_zero_order_hard_stop,7d_zero_order clicks=10 spend=1.09,phrase_kw_not_stopped_at_7_15d,unclassified_low_efficiency_tail,reopen_only_after_recent_conversion_proof,402
auto,autoTarget,404577571961840,YAN2284,bid,0.12,0.02,Loose-match,auto_q2 profit yan2284 auto_yan2284,auto_q2 profit yan2284 auto_yan2284,23822250680351,538076747270429,423,4,1.26,9,0,,0,0,0,,no_order_bid_down,30d_zero_order clicks=9 spend=1.26,auto_loose_or_substitutes_uncontrolled,unclassified_low_efficiency_tail,reopen_only_after_recent_conversion_proof,403
auto,autoTarget,404413861463439,DH2686,pause,0.11,,Substitutes,auto_safari goodie bag_dh2686,auto_safari goodie bag_dh2686,295637565281197,384429691703715,298,4,1.21,11,0,,0.22,2,0,,no_order_hard_stop,15d_zero_order clicks=9 spend=0.99,auto_loose_or_substitutes_uncontrolled,unclassified_low_efficiency_tail,reopen_only_after_recent_conversion_proof,404
auto,autoTarget,521391785941563,CII1754,bid,0.13,0.03,Loose-match,auto_q2 profit cii1754 auto_cii1754,auto_q2 profit cii1754 auto_cii1754,116313907909576,428244619828839,717,4,1.09,8,0,,0.13,1,0,,no_order_bid_down,30d_zero_order clicks=8 spend=1.09,auto_loose_or_substitutes_uncontrolled,unclassified_low_efficiency_tail,reopen_only_after_recent_conversion_proof,405
auto,autoTarget,381665730802707,QAA3143,bid,0.15,0.05,Substitutes,auto_ crown brooch pins _qaa3143,auto_ crown brooch pins _qaa3143,399242335297139,295124088276314,604,4,1.07,8,0,,0.45,3,0,,no_order_bid_down,30d_zero_order clicks=8 spend=1.07,auto_loose_or_substitutes_uncontrolled,unclassified_low_efficiency_tail,reopen_only_after_recent_conversion_proof,406
auto,autoTarget,520076525313624,QUN1025,pause,0.04,,Substitutes,auto_graduation bouquet _qun1025,auto_graduation bouquet _qun1025,479423866592532,339916229413111,798,4,1.05,20,0,,0,0,0,,no_order_hard_stop,30d_zero_order clicks=20 spend=1.05,auto_loose_or_substitutes_uncontrolled,unclassified_low_efficiency_tail,reopen_only_after_recent_conversion_proof,407
auto,autoTarget,301448483595110,YAN2284,pause,0.15,,Complements,auto_q2 profit yan2284 auto_yan2284,auto_q2 profit yan2284 auto_yan2284,23822250680351,538076747270429,423,4,0.96,12,0,,0.25,3,0,,no_order_hard_stop,15d_zero_order clicks=8 spend=0.66,auto_zero_order_not_closed,unclassified_low_efficiency_tail,reopen_only_after_recent_conversion_proof,408
auto,autoTarget,423929702411613,KL2977,pause,0.08,,Loose-match,auto_bows for crafts_kl2977,auto_bows for crafts_kl2977,354348682035984,368145579432417,144,4,0.94,10,0,,0,0,0,,no_order_hard_stop,30d_zero_order clicks=10 spend=0.94,auto_loose_or_substitutes_uncontrolled,unclassified_low_efficiency_tail,reopen_only_after_recent_conversion_proof,409
kw,keyword,321802145977690,YAN2281,pause,0.09,,baby shower balloons game,kw_tie your shoe_yan2281,kw_tie your shoe_yan2281,447122110944163,426433231676220,423,4,0.78,9,0,,0.09,1,0,,no_order_hard_stop,30d_zero_order clicks=9 spend=0.78,kw_zero_order_or_high_acos_not_stopped,baby_shower_party_competition_fit_gap,do_not_reopen_without_fresh_market_and_exact_conversion_proof,410
auto,autoTarget,482346295247903,KY1342,pause,0.1,,Loose-match,auto_red bathroom accessories_ky1342,auto_red bathroom accessories_ky1342,491742616024408,344796432461910,196,4,0.75,8,0,,0.15,2,0,,no_order_hard_stop,30d_zero_order clicks=8 spend=0.75,auto_loose_or_substitutes_uncontrolled,unclassified_low_efficiency_tail,reopen_only_after_recent_conversion_proof,411
auto,autoTarget,500550424013615,YAN4858,bid,0.14,0.02,Substitutes,20260411-yan4858-system-a,20260411-yan4858-system-a,121154884745962,389740057048820,423,4,0.68,7,0,,0.68,7,0,,residual_30d_zero_order_heavy_cut,7d_zero_order clicks=7 spend=0.68,auto_loose_or_substitutes_uncontrolled,baby_shower_party_competition_fit_gap,do_not_reopen_without_fresh_market_and_exact_conversion_proof,412